id_empleado,edad,genero,nivel_educativo,cumplimiento_kpi,puntaje_productividad,puntaje_iniciativa,satisfaccion_laboral,balance_trabajo_vida,horas_capacitacion,puntaje_feedback_lider,evaluacion_liderazgo,antiguedad,promocion_ultimos_2_anos,categoria_desempeno
E0001,50,Femenino,Licenciatura,72,76,90,10,Medio,46,1.3,Baja,2,1,Medio
E0002,36,Femenino,Licenciatura,59,72,100,2,Alto,8,1.5,Media,14,1,Alto
E0003,29,Masculino,Secundaria,60,73,75,10,Medio,9,3.6,Media,16,0,Alto
E0004,42,Femenino,Doctorado,90,58,61,5,Medio,7,2.4,Baja,13,0,Medio
E0005,40,Femenino,Maestría,90,84,44,6,Bajo,20,3.8,Media,15,0,Bajo
E0006,44,Masculino,Licenciatura,54,100,73,9,Alto,12,3.2,Media,12,0,Alto
E0007,32,Femenino,Secundaria,50,69,46,4,Alto,49,2.0,Alta,9,0,Bajo
E0008,32,Femenino,Secundaria,66,86,70,2,Medio,4,3.6,Baja,18,0,Bajo
E0009,45,Femenino,Licenciatura,71,91,83,5,Bajo,5,1.5,Media,14,0,Bajo
E0010,57,Femenino,Maestría,83,66,73,3,Bajo,29,3.1,Media,4,1,Medio
E0011,45,Femenino,Secundaria,94,96,34,2,Bajo,30,2.7,Baja,8,0,Bajo
E0012,24,Femenino,Licenciatura,90,80,56,1,Medio,16,2.1,Media,8,1,Bajo
E0013,43,Masculino,Maestría,78,57,72,10,Alto,10,3.4,Media,16,0,Medio
E0014,23,Masculino,Secundaria,53,64,60,2,Medio,19,4.5,Alta,10,0,Bajo
E0015,45,Masculino,Licenciatura,54,80,46,6,Alto,47,5.0,Baja,17,1,Medio
E0016,51,Femenino,Secundaria,60,79,83,8,Medio,8,3.4,Media,1,0,Alto
E0017,59,Masculino,Doctorado,100,95,91,3,Medio,1,2.6,Media,18,0,Alto
E0018,23,Femenino,Licenciatura,70,69,61,9,Medio,36,1.9,Alta,10,0,Bajo
E0019,42,Femenino,Secundaria,84,88,69,9,Bajo,0,2.0,Media,4,0,Bajo
E0020,54,Femenino,Licenciatura,61,61,42,2,Medio,3,2.9,Alta,1,1,Alto
E0021,33,Otro,Licenciatura,75,98,64,8,Medio,35,2.5,Alta,4,1,Bajo
E0022,43,Femenino,Maestría,100,66,34,10,Bajo,24,4.7,Baja,4,0,Alto
E0023,46,Femenino,Maestría,68,91,58,5,Medio,2,2.5,Alta,4,0,Bajo
E0024,48,Masculino,Licenciatura,94,79,99,4,Medio,8,2.5,Alta,17,0,Alto
E0025,49,Femenino,Secundaria,56,78,54,10,Alto,21,2.5,Baja,9,0,Medio
E0026,37,Masculino,Secundaria,96,68,51,5,Medio,22,4.3,Media,19,0,Medio
E0027,36,Masculino,Secundaria,56,95,95,4,Alto,11,3.6,Media,13,0,Alto
E0028,24,Femenino,Licenciatura,75,60,74,8,Medio,9,3.5,Baja,4,0,Medio
E0029,58,Femenino,Maestría,89,83,98,4,Alto,33,2.3,Baja,5,0,Medio
E0030,28,Masculino,Licenciatura,54,99,30,10,Medio,42,4.3,Baja,13,0,Medio
E0031,42,Femenino,Secundaria,70,56,73,6,Alto,9,1.2,Baja,16,0,Alto
E0032,30,Femenino,Licenciatura,63,93,68,2,Medio,29,4.5,Media,5,0,Bajo
E0033,39,Femenino,Maestría,53,83,83,5,Medio,21,3.1,Baja,8,1,Bajo
E0034,25,Femenino,Maestría,72,69,58,6,Medio,5,2.6,Alta,16,1,Medio
E0035,46,Femenino,Maestría,91,99,83,5,Medio,49,3.0,Media,1,0,Bajo
E0036,35,Otro,Secundaria,69,87,45,2,Bajo,1,3.7,Baja,6,0,Medio
E0037,30,Femenino,Secundaria,64,73,49,7,Bajo,29,1.1,Media,11,1,Bajo
E0038,47,Femenino,Maestría,99,59,75,4,Bajo,1,4.5,Media,16,1,Medio
E0039,23,Otro,Licenciatura,94,81,96,8,Alto,31,2.8,Alta,5,1,Bajo
E0040,41,Otro,Licenciatura,78,64,94,7,Bajo,41,2.4,Baja,16,0,Medio
E0041,49,Masculino,Maestría,57,86,87,7,Bajo,15,1.6,Baja,7,1,Bajo
E0042,28,Masculino,Maestría,90,69,82,9,Medio,11,2.8,Alta,19,0,Bajo
E0043,29,Masculino,Licenciatura,97,52,30,1,Medio,0,3.0,Alta,1,0,Bajo
E0044,56,Masculino,Licenciatura,68,86,95,10,Medio,7,2.6,Media,9,1,Alto
E0045,35,Femenino,Licenciatura,97,89,58,6,Bajo,47,3.7,Media,18,0,Bajo
E0046,38,Femenino,Licenciatura,88,57,99,6,Alto,49,2.7,Baja,13,1,Alto
E0047,57,Femenino,Licenciatura,95,89,37,6,Alto,12,4.8,Media,15,0,Bajo
E0048,25,Masculino,Maestría,77,93,58,6,Alto,14,3.4,Baja,3,1,Bajo
E0049,23,Femenino,Maestría,95,72,80,10,Medio,43,4.2,Baja,10,0,Medio
E0050,27,Femenino,Maestría,76,89,62,7,Alto,7,1.4,Alta,9,1,Medio
E0051,25,Femenino,Secundaria,53,60,32,10,Bajo,9,2.6,Baja,13,0,Alto
E0052,50,Otro,Maestría,64,95,89,6,Bajo,45,2.3,Media,16,0,Alto
E0053,39,Femenino,Maestría,84,57,64,1,Bajo,4,3.3,Alta,3,0,Alto
E0054,47,Masculino,Licenciatura,86,78,98,3,Medio,49,4.4,Baja,15,0,Medio
E0055,55,Femenino,Maestría,50,79,49,2,Medio,18,1.3,Alta,17,0,Medio
E0056,31,Masculino,Maestría,52,59,68,6,Medio,46,1.3,Alta,14,0,Medio
E0057,57,Masculino,Licenciatura,96,88,33,8,Bajo,37,4.4,Media,7,0,Alto
E0058,35,Femenino,Licenciatura,73,77,48,3,Medio,10,1.9,Baja,16,0,Medio
E0059,52,Masculino,Secundaria,76,98,74,10,Medio,42,3.7,Media,8,0,Medio
E0060,36,Femenino,Licenciatura,89,85,72,8,Medio,19,3.2,Media,4,1,Bajo
E0061,29,Masculino,Licenciatura,85,62,42,8,Medio,19,4.3,Media,15,0,Bajo
E0062,35,Femenino,Maestría,83,81,42,5,Bajo,20,1.5,Baja,5,0,Alto
E0063,44,Masculino,Secundaria,78,85,89,8,Alto,17,1.5,Alta,13,0,Medio
E0064,42,Otro,Secundaria,73,86,86,6,Medio,49,3.2,Baja,6,0,Medio
E0065,37,Femenino,Licenciatura,73,75,81,5,Bajo,9,4.8,Media,5,0,Bajo
E0066,39,Masculino,Secundaria,91,71,82,9,Bajo,33,2.7,Baja,17,0,Alto
E0067,45,Femenino,Secundaria,53,53,72,7,Medio,25,2.3,Media,7,1,Bajo
E0068,47,Otro,Secundaria,52,80,71,8,Alto,29,3.4,Alta,6,0,Alto
E0069,46,Femenino,Secundaria,83,67,55,1,Medio,8,4.7,Baja,2,0,Bajo
E0070,50,Masculino,Secundaria,98,87,52,2,Medio,45,4.3,Baja,11,0,Alto
E0071,36,Femenino,Licenciatura,72,73,72,8,Alto,30,5.0,Media,7,0,Alto
E0072,22,Femenino,Licenciatura,72,72,57,9,Medio,41,1.1,Media,8,0,Bajo
E0073,46,Femenino,Maestría,94,71,38,4,Medio,3,1.5,Media,5,0,Medio
E0074,28,Femenino,Licenciatura,54,51,49,10,Medio,5,3.4,Media,18,0,Medio
E0075,30,Masculino,Maestría,80,80,85,10,Bajo,13,4.3,Baja,16,0,Bajo
E0076,45,Masculino,Secundaria,90,60,68,9,Medio,3,2.1,Alta,14,0,Alto
E0077,22,Femenino,Secundaria,55,77,80,4,Medio,25,2.0,Alta,12,1,Medio
E0078,29,Masculino,Maestría,86,95,41,10,Alto,46,4.1,Media,17,0,Medio
E0079,45,Masculino,Secundaria,59,81,84,10,Medio,47,1.2,Alta,5,0,Bajo
E0080,32,Otro,Licenciatura,89,54,40,10,Medio,38,2.5,Media,14,0,Medio
E0081,38,Femenino,Licenciatura,56,87,55,9,Medio,16,3.0,Media,6,0,Alto
E0082,29,Femenino,Licenciatura,88,59,71,7,Alto,18,3.2,Baja,15,1,Medio
E0083,56,Femenino,Secundaria,87,89,56,2,Alto,48,3.9,Media,7,0,Alto
E0084,56,Femenino,Licenciatura,70,95,40,9,Medio,5,2.4,Media,14,0,Alto
E0085,54,Femenino,Licenciatura,69,73,67,4,Medio,28,3.5,Baja,18,1,Bajo
E0086,26,Femenino,Secundaria,52,84,72,8,Medio,10,3.3,Media,1,0,Bajo
E0087,49,Masculino,Licenciatura,100,93,48,7,Medio,15,3.2,Media,6,0,Alto
E0088,28,Masculino,Maestría,71,97,93,7,Bajo,29,3.6,Media,3,0,Medio
E0089,30,Femenino,Doctorado,96,72,35,8,Medio,24,2.0,Media,5,0,Bajo
E0090,29,Femenino,Secundaria,53,66,75,1,Bajo,39,1.3,Alta,12,0,Bajo
E0091,33,Masculino,Maestría,77,50,71,5,Alto,10,1.5,Baja,11,1,Medio
E0092,55,Masculino,Licenciatura,61,80,94,2,Medio,6,1.9,Media,13,0,Alto
E0093,54,Masculino,Licenciatura,87,80,88,2,Alto,25,3.0,Media,16,0,Bajo
E0094,44,Masculino,Secundaria,100,91,81,1,Medio,21,4.4,Media,18,0,Bajo
E0095,45,Femenino,Maestría,85,91,76,5,Medio,24,3.8,Media,17,0,Alto
E0096,58,Masculino,Secundaria,96,83,36,2,Medio,18,4.2,Baja,17,0,Alto
E0097,56,Femenino,Licenciatura,90,58,40,4,Bajo,30,2.4,Alta,11,0,Medio
E0098,43,Femenino,Secundaria,54,71,90,3,Medio,25,2.6,Media,10,1,Alto
E0099,48,Femenino,Maestría,62,62,97,3,Bajo,41,2.6,Alta,16,1,Medio
E0100,56,Femenino,Maestría,72,74,54,2,Medio,40,1.8,Media,2,1,Alto
E0101,22,Masculino,Maestría,99,97,41,6,Medio,35,1.2,Media,17,1,Medio
E0102,56,Femenino,Secundaria,79,67,55,2,Alto,22,3.4,Alta,10,0,Bajo
E0103,58,Masculino,Secundaria,86,100,41,8,Bajo,46,5.0,Media,13,0,Alto
E0104,35,Masculino,Licenciatura,74,61,72,8,Bajo,12,1.7,Media,12,1,Medio
E0105,24,Otro,Licenciatura,97,89,80,5,Medio,24,1.2,Media,15,0,Alto
E0106,22,Masculino,Secundaria,76,66,66,10,Alto,1,4.1,Alta,7,0,Medio
E0107,26,Masculino,Licenciatura,100,64,75,7,Medio,1,2.0,Media,13,0,Alto
E0108,47,Femenino,Doctorado,63,91,82,4,Medio,15,4.3,Media,12,0,Alto
E0109,35,Masculino,Maestría,97,64,42,1,Medio,8,3.8,Baja,12,1,Bajo
E0110,48,Femenino,Maestría,96,64,83,2,Bajo,27,4.8,Alta,2,0,Alto
E0111,30,Masculino,Doctorado,85,88,86,10,Alto,12,2.6,Baja,5,0,Medio
E0112,36,Otro,Secundaria,88,62,33,10,Medio,34,3.6,Media,2,1,Alto
E0113,36,Femenino,Licenciatura,65,66,78,4,Medio,40,2.9,Media,13,0,Medio
E0114,47,Femenino,Doctorado,71,81,36,1,Medio,12,3.5,Media,3,0,Alto
E0115,34,Otro,Secundaria,70,58,40,8,Bajo,30,2.8,Media,11,0,Medio
E0116,53,Masculino,Maestría,70,89,83,9,Alto,20,1.8,Baja,16,1,Bajo
E0117,53,Otro,Licenciatura,57,69,74,4,Bajo,31,3.0,Media,1,0,Bajo
E0118,25,Masculino,Licenciatura,98,75,52,10,Medio,33,3.1,Media,19,0,Medio
E0119,51,Femenino,Licenciatura,65,76,57,3,Bajo,7,4.2,Alta,11,0,Alto
E0120,58,Masculino,Maestría,80,70,86,2,Medio,40,3.9,Baja,9,0,Medio
E0121,44,Femenino,Maestría,91,67,55,5,Alto,47,3.7,Alta,14,1,Medio
E0122,36,Masculino,Secundaria,59,62,54,3,Medio,1,1.5,Media,9,1,Bajo
E0123,50,Femenino,Maestría,81,65,83,10,Medio,37,3.9,Alta,7,0,Medio
E0124,57,Femenino,Secundaria,83,58,58,7,Alto,31,3.0,Media,16,0,Bajo
E0125,34,Otro,Licenciatura,58,61,65,6,Bajo,39,4.6,Media,3,1,Alto
E0126,53,Masculino,Licenciatura,66,93,43,1,Medio,27,4.7,Alta,19,1,Alto
E0127,28,Femenino,Licenciatura,60,87,64,8,Bajo,36,1.2,Alta,4,1,Medio
E0128,43,Femenino,Licenciatura,81,68,59,2,Alto,40,4.3,Media,7,1,Bajo
E0129,49,Masculino,Maestría,59,56,46,5,Medio,0,1.2,Baja,12,0,Bajo
E0130,23,Masculino,Maestría,71,84,96,9,Medio,40,2.5,Media,18,0,Medio
E0131,27,Masculino,Licenciatura,66,97,59,8,Medio,9,3.2,Media,5,0,Medio
E0132,49,Femenino,Secundaria,53,67,74,2,Bajo,3,1.6,Baja,10,0,Alto
E0133,49,Femenino,Maestría,97,65,80,9,Bajo,34,4.0,Baja,12,0,Bajo
E0134,41,Femenino,Maestría,96,88,76,5,Medio,9,1.0,Alta,8,0,Alto
E0135,51,Masculino,Maestría,74,53,82,10,Medio,46,1.7,Baja,19,0,Medio
E0136,32,Masculino,Secundaria,70,74,93,6,Bajo,10,3.3,Media,15,0,Medio
E0137,49,Masculino,Secundaria,86,81,67,3,Bajo,13,3.9,Baja,1,0,Medio
E0138,46,Otro,Secundaria,87,89,93,3,Alto,37,4.7,Media,3,0,Bajo
E0139,54,Masculino,Secundaria,98,62,36,10,Alto,11,3.8,Baja,18,0,Medio
E0140,22,Masculino,Licenciatura,50,94,51,8,Medio,44,3.7,Baja,18,0,Alto
E0141,48,Masculino,Maestría,74,66,70,10,Medio,16,2.6,Media,2,0,Medio
E0142,34,Femenino,Licenciatura,100,98,39,10,Bajo,15,1.0,Alta,5,1,Alto
E0143,24,Otro,Secundaria,85,86,86,2,Medio,34,1.5,Baja,1,0,Medio
E0144,27,Femenino,Secundaria,66,55,36,2,Alto,1,3.1,Media,10,0,Bajo
E0145,29,Femenino,Secundaria,90,68,79,5,Bajo,10,3.7,Media,10,0,Medio
E0146,48,Femenino,Secundaria,73,62,81,6,Bajo,40,2.7,Alta,5,0,Medio
E0147,30,Masculino,Secundaria,51,75,62,2,Alto,2,3.9,Media,18,0,Medio
E0148,58,Otro,Secundaria,89,63,30,5,Medio,28,3.1,Media,15,0,Bajo
E0149,54,Femenino,Maestría,64,80,82,7,Bajo,17,1.3,Media,8,0,Medio
E0150,45,Femenino,Doctorado,81,53,89,10,Medio,19,1.8,Alta,17,0,Bajo
E0151,36,Femenino,Licenciatura,88,88,63,10,Medio,46,4.4,Baja,12,0,Bajo
E0152,53,Femenino,Licenciatura,55,57,33,8,Medio,13,3.9,Media,12,1,Medio
E0153,53,Femenino,Maestría,50,74,46,7,Alto,33,4.6,Alta,1,1,Medio
E0154,45,Otro,Secundaria,96,62,33,8,Alto,48,1.5,Media,4,0,Alto
E0155,33,Otro,Secundaria,72,81,72,9,Medio,30,5.0,Media,8,0,Medio
E0156,23,Femenino,Maestría,88,87,33,5,Alto,39,1.8,Media,1,0,Alto
E0157,24,Femenino,Secundaria,66,87,30,5,Medio,41,1.0,Media,15,0,Medio
E0158,58,Masculino,Licenciatura,83,77,100,10,Alto,17,5.0,Media,18,0,Alto
E0159,38,Femenino,Licenciatura,90,79,79,4,Medio,29,2.1,Media,1,0,Bajo
E0160,23,Masculino,Licenciatura,78,52,90,9,Alto,24,3.7,Media,11,0,Alto
E0161,23,Femenino,Licenciatura,58,77,64,5,Alto,18,1.7,Media,2,0,Medio
E0162,49,Otro,Maestría,62,52,37,2,Bajo,7,3.3,Alta,1,0,Alto
E0163,44,Femenino,Secundaria,55,94,53,10,Alto,27,4.6,Baja,12,1,Medio
E0164,58,Femenino,Secundaria,55,83,65,8,Alto,7,2.3,Media,16,0,Bajo
E0165,53,Masculino,Maestría,69,65,79,7,Alto,30,3.7,Media,10,1,Medio
E0166,54,Masculino,Licenciatura,52,71,72,8,Bajo,2,1.8,Media,18,0,Bajo
E0167,22,Femenino,Secundaria,66,81,56,3,Alto,2,3.5,Baja,15,1,Medio
E0168,40,Masculino,Maestría,98,87,61,4,Alto,43,2.3,Media,17,0,Bajo
E0169,23,Masculino,Licenciatura,61,57,47,5,Medio,21,1.8,Alta,10,0,Medio
E0170,47,Masculino,Maestría,97,57,57,6,Alto,16,2.3,Media,3,0,Alto
E0171,53,Femenino,Maestría,96,55,58,1,Bajo,35,1.7,Alta,16,0,Medio
E0172,27,Femenino,Licenciatura,94,63,45,4,Bajo,16,4.6,Alta,6,1,Alto
E0173,53,Masculino,Licenciatura,50,81,76,10,Medio,13,2.6,Baja,3,0,Medio
E0174,25,Femenino,Doctorado,66,84,88,5,Medio,8,2.0,Baja,9,0,Medio
E0175,32,Femenino,Secundaria,52,59,60,7,Medio,29,2.8,Alta,11,0,Alto
E0176,38,Femenino,Maestría,75,52,33,5,Bajo,20,2.3,Alta,13,0,Alto
E0177,59,Femenino,Secundaria,64,61,66,1,Alto,11,4.0,Baja,18,0,Alto
E0178,45,Masculino,Licenciatura,85,98,46,7,Bajo,36,4.9,Baja,4,0,Bajo
E0179,26,Femenino,Licenciatura,81,80,68,8,Bajo,31,2.8,Baja,8,0,Medio
E0180,55,Femenino,Maestría,81,78,77,7,Bajo,10,4.4,Alta,13,1,Bajo
E0181,27,Femenino,Doctorado,53,54,75,4,Medio,19,3.3,Baja,10,1,Medio
E0182,43,Femenino,Secundaria,67,74,77,8,Alto,34,1.6,Media,2,0,Medio
E0183,32,Masculino,Secundaria,98,90,68,5,Medio,46,3.8,Alta,8,0,Alto
E0184,37,Masculino,Maestría,68,80,33,10,Alto,45,3.1,Baja,6,0,Alto
E0185,54,Femenino,Licenciatura,92,70,59,9,Bajo,10,3.6,Media,16,0,Medio
E0186,30,Femenino,Secundaria,84,69,59,10,Medio,7,4.6,Baja,18,0,Bajo
E0187,27,Femenino,Licenciatura,89,88,51,5,Medio,3,2.8,Alta,17,1,Alto
E0188,37,Femenino,Licenciatura,63,71,95,1,Medio,26,4.6,Baja,6,0,Bajo
E0189,50,Femenino,Doctorado,82,53,41,9,Bajo,43,4.0,Media,13,1,Medio
E0190,24,Femenino,Secundaria,63,62,65,5,Medio,39,3.0,Media,14,1,Bajo
E0191,41,Masculino,Licenciatura,83,94,47,6,Medio,37,3.4,Baja,10,1,Medio
E0192,57,Femenino,Licenciatura,53,91,82,4,Alto,46,2.3,Baja,11,1,Alto
E0193,40,Masculino,Maestría,73,99,100,6,Medio,29,4.9,Media,13,0,Bajo
E0194,47,Femenino,Licenciatura,78,98,30,8,Bajo,43,3.7,Baja,12,0,Medio
E0195,24,Otro,Licenciatura,68,69,87,3,Medio,47,1.2,Alta,9,0,Medio
E0196,40,Masculino,Secundaria,55,62,35,5,Bajo,47,2.3,Alta,4,0,Alto
E0197,41,Masculino,Maestría,82,66,99,2,Alto,26,3.5,Media,7,0,Alto
E0198,53,Masculino,Licenciatura,98,85,73,2,Medio,20,1.2,Media,2,0,Bajo
E0199,28,Otro,Secundaria,89,82,53,7,Bajo,19,1.1,Media,7,0,Bajo
E0200,54,Masculino,Licenciatura,68,50,48,10,Alto,3,2.8,Alta,9,1,Medio
E0201,39,Masculino,Secundaria,50,64,47,10,Medio,10,2.3,Media,5,1,Medio
E0202,22,Masculino,Secundaria,54,62,59,10,Bajo,12,2.8,Baja,15,0,Medio
E0203,32,Masculino,Maestría,76,66,71,6,Medio,8,2.1,Baja,18,0,Bajo
E0204,49,Masculino,Licenciatura,65,73,62,4,Medio,3,1.7,Media,4,0,Bajo
E0205,46,Femenino,Maestría,55,57,41,5,Alto,11,3.8,Media,19,0,Medio
E0206,44,Femenino,Secundaria,89,99,56,1,Alto,8,3.1,Media,7,0,Bajo
E0207,52,Masculino,Maestría,62,76,68,7,Alto,12,1.8,Baja,8,0,Alto
E0208,51,Masculino,Secundaria,97,94,38,8,Medio,47,2.3,Media,17,0,Bajo
E0209,56,Masculino,Licenciatura,84,72,50,9,Medio,25,3.4,Baja,13,1,Bajo
E0210,28,Masculino,Doctorado,68,95,58,8,Alto,37,1.3,Baja,11,1,Alto
E0211,37,Femenino,Maestría,61,57,62,5,Bajo,41,1.6,Media,1,0,Medio
E0212,47,Femenino,Licenciatura,65,57,91,3,Medio,12,1.3,Baja,2,0,Alto
E0213,23,Masculino,Licenciatura,92,75,44,10,Medio,38,4.2,Media,17,0,Bajo
E0214,22,Femenino,Maestría,59,96,31,9,Bajo,27,4.0,Media,5,0,Medio
E0215,33,Masculino,Licenciatura,74,62,81,6,Medio,18,4.0,Media,6,0,Alto
E0216,26,Femenino,Maestría,69,88,73,5,Alto,23,3.9,Media,7,0,Medio
E0217,58,Femenino,Maestría,80,86,83,3,Alto,18,3.7,Baja,15,0,Alto
E0218,53,Femenino,Secundaria,53,98,47,6,Bajo,48,2.9,Baja,19,0,Medio
E0219,30,Masculino,Secundaria,93,77,32,3,Bajo,12,3.6,Alta,16,0,Medio
E0220,56,Otro,Licenciatura,72,74,36,10,Medio,12,1.2,Media,13,0,Medio
E0221,40,Masculino,Secundaria,51,65,72,6,Alto,27,3.5,Media,5,0,Medio
E0222,37,Masculino,Secundaria,71,51,67,4,Bajo,1,4.1,Baja,3,0,Bajo
E0223,24,Masculino,Maestría,100,67,66,2,Medio,9,3.0,Media,3,1,Medio
E0224,41,Masculino,Licenciatura,86,66,87,8,Bajo,21,2.4,Media,19,0,Medio
E0225,45,Otro,Maestría,57,79,62,4,Medio,12,2.1,Media,14,1,Medio
E0226,54,Femenino,Licenciatura,56,88,88,9,Medio,8,3.6,Media,16,0,Alto
E0227,45,Masculino,Licenciatura,63,62,40,7,Alto,32,3.8,Baja,17,0,Medio
E0228,32,Femenino,Secundaria,52,81,97,2,Bajo,13,4.5,Baja,4,0,Alto
E0229,29,Otro,Licenciatura,99,99,97,4,Medio,47,2.4,Alta,13,0,Bajo
E0230,57,Femenino,Secundaria,65,78,51,5,Bajo,19,4.1,Alta,8,0,Medio
E0231,59,Femenino,Licenciatura,68,95,95,3,Medio,14,3.2,Baja,19,0,Alto
E0232,41,Otro,Maestría,100,79,73,9,Alto,31,4.5,Media,5,0,Medio
E0233,56,Otro,Licenciatura,67,67,35,5,Bajo,32,3.1,Baja,2,0,Medio
E0234,46,Femenino,Licenciatura,65,62,71,2,Alto,16,3.1,Baja,15,0,Bajo
E0235,56,Masculino,Licenciatura,57,92,54,3,Medio,23,3.3,Media,2,0,Medio
E0236,46,Masculino,Secundaria,82,70,86,9,Bajo,29,4.0,Baja,11,0,Bajo
E0237,50,Femenino,Licenciatura,98,79,84,7,Medio,12,4.9,Media,13,0,Alto
E0238,39,Masculino,Secundaria,61,70,45,2,Bajo,46,1.3,Media,10,0,Medio
E0239,39,Femenino,Secundaria,60,97,43,9,Medio,47,1.2,Baja,3,0,Alto
E0240,23,Masculino,Secundaria,54,66,68,4,Alto,15,4.8,Baja,5,0,Medio
E0241,56,Masculino,Licenciatura,76,89,57,9,Bajo,1,3.1,Alta,3,0,Medio
E0242,37,Masculino,Maestría,61,68,80,2,Medio,16,3.5,Baja,6,0,Medio
E0243,57,Masculino,Secundaria,66,64,78,10,Alto,31,2.9,Media,13,0,Alto
E0244,54,Otro,Licenciatura,55,58,38,4,Alto,42,1.4,Media,10,0,Alto
E0245,25,Femenino,Licenciatura,82,59,87,5,Medio,7,4.1,Media,19,0,Bajo
E0246,54,Femenino,Secundaria,54,93,74,2,Alto,2,4.0,Media,8,0,Medio
E0247,35,Femenino,Maestría,77,80,51,10,Medio,11,2.2,Baja,18,0,Medio
E0248,42,Masculino,Licenciatura,63,72,61,1,Medio,19,2.2,Baja,3,0,Bajo
E0249,41,Femenino,Licenciatura,54,79,98,7,Alto,15,4.4,Baja,17,0,Medio
E0250,29,Femenino,Licenciatura,82,82,98,10,Medio,13,1.3,Media,8,0,Alto
E0251,28,Femenino,Secundaria,99,58,71,1,Medio,15,4.5,Media,10,0,Medio
E0252,24,Masculino,Licenciatura,97,96,82,8,Medio,48,2.0,Baja,2,0,Alto
E0253,38,Femenino,Licenciatura,90,50,88,3,Alto,42,3.4,Baja,12,0,Medio
E0254,54,Femenino,Maestría,68,93,68,10,Alto,48,4.7,Media,6,0,Medio
E0255,33,Otro,Secundaria,71,84,44,6,Medio,32,3.7,Media,2,0,Bajo
E0256,43,Femenino,Licenciatura,54,60,100,7,Medio,29,2.7,Alta,3,0,Alto
E0257,43,Femenino,Licenciatura,51,83,58,10,Medio,11,3.8,Media,17,0,Alto
E0258,51,Femenino,Secundaria,79,65,32,1,Medio,14,2.4,Media,7,0,Medio
E0259,59,Femenino,Licenciatura,96,58,39,6,Bajo,17,2.1,Media,5,0,Bajo
E0260,59,Masculino,Maestría,88,81,58,7,Alto,27,5.0,Alta,1,1,Bajo
E0261,29,Femenino,Maestría,53,64,64,6,Medio,22,4.0,Alta,8,0,Bajo
E0262,48,Femenino,Licenciatura,82,61,35,4,Medio,13,3.6,Media,12,0,Medio
E0263,48,Femenino,Maestría,62,82,41,1,Bajo,29,2.4,Baja,14,0,Alto
E0264,55,Masculino,Doctorado,69,94,67,9,Bajo,32,1.2,Baja,16,0,Bajo
E0265,42,Masculino,Maestría,56,63,48,4,Alto,44,1.1,Media,10,0,Alto
E0266,51,Femenino,Secundaria,64,57,96,7,Medio,14,3.2,Media,15,1,Medio
E0267,54,Masculino,Maestría,72,57,37,7,Bajo,6,4.0,Media,15,0,Medio
E0268,49,Femenino,Licenciatura,63,76,37,2,Medio,14,3.1,Baja,10,0,Alto
E0269,54,Masculino,Doctorado,72,61,76,1,Medio,41,4.4,Media,7,0,Bajo
E0270,26,Masculino,Licenciatura,68,50,33,8,Bajo,45,1.1,Alta,3,1,Alto
E0271,40,Otro,Secundaria,78,92,80,8,Medio,37,2.5,Baja,2,0,Bajo
E0272,25,Femenino,Maestría,69,89,96,7,Medio,45,1.9,Media,6,0,Medio
E0273,56,Masculino,Licenciatura,78,91,74,8,Medio,43,2.8,Media,9,0,Alto
E0274,38,Masculino,Doctorado,73,100,37,3,Medio,10,1.3,Alta,10,0,Alto
E0275,49,Masculino,Doctorado,67,60,45,2,Medio,28,4.8,Alta,4,0,Medio
E0276,51,Femenino,Licenciatura,59,88,96,7,Alto,30,1.9,Media,3,0,Medio
E0277,50,Masculino,Secundaria,90,92,38,8,Medio,24,4.7,Media,9,0,Alto
E0278,27,Femenino,Licenciatura,57,80,89,1,Medio,23,2.7,Alta,17,0,Alto
E0279,56,Otro,Secundaria,75,66,100,10,Bajo,18,4.9,Media,14,0,Bajo
E0280,58,Masculino,Secundaria,78,82,44,9,Medio,1,3.2,Media,10,0,Alto
E0281,45,Femenino,Maestría,59,81,100,4,Alto,21,4.7,Media,13,0,Medio
E0282,50,Otro,Secundaria,66,78,70,4,Bajo,19,1.0,Baja,12,1,Medio
E0283,52,Masculino,Licenciatura,51,70,51,3,Medio,32,4.0,Media,1,0,Medio
E0284,56,Femenino,Doctorado,55,70,53,6,Bajo,7,4.6,Alta,19,1,Medio
E0285,54,Femenino,Licenciatura,54,89,73,1,Medio,24,1.6,Media,19,1,Alto
E0286,42,Otro,Secundaria,77,72,30,6,Alto,45,1.4,Media,6,0,Medio
E0287,53,Femenino,Maestría,90,55,39,2,Medio,8,2.7,Baja,13,0,Alto
E0288,44,Femenino,Secundaria,54,71,85,9,Medio,33,4.7,Media,19,0,Bajo
E0289,54,Femenino,Maestría,67,99,79,2,Bajo,22,3.2,Baja,13,0,Alto
E0290,24,Femenino,Doctorado,75,87,41,7,Medio,4,3.1,Baja,4,0,Alto
E0291,39,Femenino,Maestría,69,86,89,1,Bajo,24,1.6,Media,2,0,Medio
E0292,46,Femenino,Licenciatura,90,94,55,7,Alto,7,1.0,Baja,15,0,Medio
E0293,52,Femenino,Licenciatura,98,100,70,5,Bajo,15,4.2,Media,12,0,Medio
E0294,24,Masculino,Secundaria,76,57,65,8,Alto,47,1.4,Media,7,0,Alto
E0295,45,Masculino,Maestría,98,90,52,4,Medio,44,3.5,Alta,18,1,Alto
E0296,53,Masculino,Maestría,61,98,72,10,Medio,14,4.7,Media,13,0,Bajo
E0297,43,Masculino,Licenciatura,56,84,35,7,Medio,0,1.8,Baja,17,1,Alto
E0298,44,Masculino,Secundaria,52,100,98,6,Alto,21,3.7,Baja,4,0,Medio
E0299,23,Otro,Secundaria,59,60,72,5,Bajo,2,1.3,Media,14,1,Bajo
E0300,48,Masculino,Secundaria,83,73,54,4,Bajo,37,3.4,Media,13,0,Alto
E0301,23,Femenino,Maestría,74,98,47,7,Medio,13,1.7,Media,3,0,Medio
E0302,47,Masculino,Licenciatura,84,70,91,5,Bajo,35,3.9,Media,18,0,Alto
E0303,38,Femenino,Maestría,65,100,42,5,Bajo,17,2.2,Baja,14,0,Bajo
E0304,54,Otro,Maestría,51,51,72,1,Alto,46,2.9,Media,15,1,Bajo
E0305,30,Femenino,Secundaria,73,89,57,2,Alto,40,3.4,Media,3,0,Medio
E0306,50,Femenino,Licenciatura,59,68,47,5,Medio,17,1.7,Baja,1,1,Bajo
E0307,47,Masculino,Licenciatura,87,88,88,3,Alto,2,4.0,Baja,17,0,Alto
E0308,56,Femenino,Licenciatura,71,77,89,2,Medio,9,2.2,Baja,3,0,Bajo
E0309,46,Masculino,Maestría,75,66,92,4,Medio,48,3.6,Baja,14,1,Medio
E0310,45,Otro,Maestría,92,55,86,4,Medio,38,1.6,Media,3,0,Bajo
E0311,34,Masculino,Maestría,88,68,80,4,Medio,46,3.8,Baja,13,0,Bajo
E0312,28,Femenino,Secundaria,76,87,85,4,Alto,0,1.5,Baja,15,1,Alto
E0313,57,Femenino,Secundaria,78,77,56,3,Medio,26,2.7,Baja,18,1,Bajo
E0314,41,Masculino,Maestría,96,51,61,7,Medio,26,2.0,Alta,14,1,Medio
E0315,22,Masculino,Secundaria,87,87,38,9,Bajo,10,4.0,Alta,3,1,Alto
E0316,29,Masculino,Licenciatura,69,86,97,5,Bajo,48,2.0,Baja,19,0,Medio
E0317,37,Masculino,Secundaria,76,100,75,4,Bajo,4,4.5,Media,8,1,Alto
E0318,35,Femenino,Licenciatura,90,53,96,2,Alto,6,4.6,Baja,4,0,Bajo
E0319,33,Masculino,Secundaria,69,71,55,2,Alto,18,1.8,Media,4,1,Bajo
E0320,44,Masculino,Licenciatura,93,75,37,5,Alto,28,3.5,Baja,19,0,Alto
E0321,36,Masculino,Doctorado,68,98,35,7,Medio,14,1.4,Media,11,0,Alto
E0322,49,Femenino,Secundaria,69,92,53,10,Medio,34,2.6,Media,1,0,Medio
E0323,55,Masculino,Secundaria,84,85,77,10,Bajo,46,3.9,Alta,8,0,Medio
E0324,23,Masculino,Licenciatura,96,62,74,9,Medio,36,3.6,Baja,15,0,Medio
E0325,53,Masculino,Maestría,51,81,42,7,Medio,11,3.5,Alta,1,1,Bajo
E0326,44,Masculino,Secundaria,79,66,98,5,Alto,29,2.1,Media,7,1,Alto
E0327,43,Femenino,Licenciatura,83,90,54,10,Medio,19,2.5,Baja,11,0,Medio
E0328,46,Masculino,Secundaria,71,85,49,10,Bajo,36,1.4,Media,14,0,Medio
E0329,43,Masculino,Maestría,52,95,95,10,Bajo,2,3.9,Baja,16,0,Alto
E0330,43,Femenino,Licenciatura,55,68,74,6,Bajo,8,3.0,Baja,14,0,Medio
E0331,27,Femenino,Maestría,64,84,76,3,Medio,40,3.8,Baja,12,0,Bajo
E0332,36,Masculino,Maestría,76,95,92,5,Alto,38,2.0,Media,17,1,Alto
E0333,58,Femenino,Secundaria,59,89,84,8,Medio,25,2.3,Media,14,0,Alto
E0334,54,Otro,Maestría,58,77,48,1,Alto,1,2.3,Alta,10,0,Medio
E0335,29,Masculino,Secundaria,82,50,64,1,Medio,22,1.1,Baja,14,0,Bajo
E0336,26,Femenino,Maestría,81,91,82,7,Medio,22,2.4,Alta,18,0,Bajo
E0337,25,Femenino,Licenciatura,97,67,55,5,Bajo,20,4.2,Baja,9,0,Medio
E0338,27,Femenino,Maestría,55,97,43,5,Alto,15,4.6,Media,17,0,Medio
E0339,53,Masculino,Secundaria,90,89,74,1,Alto,8,3.1,Media,6,0,Alto
E0340,51,Masculino,Secundaria,85,82,73,9,Bajo,12,2.8,Baja,8,0,Alto
E0341,56,Femenino,Licenciatura,51,61,94,1,Medio,27,1.1,Alta,13,1,Alto
E0342,37,Otro,Licenciatura,78,57,80,5,Medio,26,4.5,Media,18,0,Medio
E0343,34,Femenino,Secundaria,53,73,72,10,Medio,16,1.1,Media,5,0,Alto
E0344,51,Masculino,Licenciatura,50,65,52,9,Alto,37,4.8,Media,6,0,Medio
E0345,40,Femenino,Secundaria,68,99,85,4,Medio,35,3.0,Media,19,1,Bajo
E0346,38,Femenino,Licenciatura,75,53,48,8,Medio,0,2.4,Media,4,0,Bajo
E0347,40,Masculino,Maestría,74,87,84,6,Bajo,17,4.7,Media,7,1,Medio
E0348,49,Masculino,Licenciatura,59,93,89,3,Bajo,8,1.1,Baja,4,0,Alto
E0349,47,Femenino,Secundaria,64,76,88,4,Bajo,12,3.3,Media,11,0,Bajo
E0350,58,Masculino,Licenciatura,71,58,62,2,Bajo,39,3.2,Alta,12,0,Bajo
E0351,47,Femenino,Secundaria,100,96,48,1,Medio,44,1.9,Baja,14,0,Alto
E0352,44,Masculino,Doctorado,97,65,57,8,Medio,14,2.7,Baja,13,0,Bajo
E0353,30,Masculino,Secundaria,70,61,81,1,Bajo,42,3.6,Media,10,0,Alto
E0354,33,Masculino,Maestría,71,80,78,1,Alto,43,3.9,Media,18,1,Medio
E0355,22,Femenino,Doctorado,85,73,66,4,Bajo,45,1.0,Media,16,1,Bajo
E0356,22,Otro,Maestría,83,63,55,10,Medio,3,4.7,Baja,5,0,Alto
E0357,55,Masculino,Licenciatura,79,94,69,10,Bajo,32,1.7,Media,8,0,Bajo
E0358,53,Femenino,Maestría,74,74,67,6,Medio,23,1.9,Baja,14,0,Medio
E0359,46,Femenino,Doctorado,94,83,83,9,Medio,35,2.1,Media,5,0,Bajo
E0360,22,Femenino,Licenciatura,77,52,51,1,Medio,40,1.2,Media,8,0,Bajo
E0361,37,Masculino,Licenciatura,50,73,45,7,Medio,9,1.5,Baja,6,1,Bajo
E0362,26,Femenino,Licenciatura,98,91,57,10,Alto,35,4.9,Media,16,1,Bajo
E0363,43,Femenino,Licenciatura,94,58,64,5,Bajo,19,2.3,Alta,4,0,Bajo
E0364,50,Masculino,Licenciatura,53,75,89,8,Bajo,40,1.5,Media,12,1,Alto
E0365,24,Masculino,Licenciatura,56,69,74,7,Bajo,44,1.4,Alta,11,0,Medio
E0366,33,Femenino,Secundaria,98,89,75,4,Medio,43,3.9,Media,3,0,Medio
E0367,47,Otro,Secundaria,58,59,84,4,Bajo,10,4.4,Media,12,0,Medio
E0368,37,Masculino,Secundaria,85,68,55,6,Alto,11,2.0,Baja,5,0,Alto
E0369,58,Femenino,Secundaria,68,52,54,6,Medio,17,1.1,Baja,6,0,Alto
E0370,43,Otro,Secundaria,50,73,94,9,Medio,29,1.9,Baja,19,0,Alto
E0371,50,Femenino,Licenciatura,59,54,35,5,Medio,43,1.2,Media,18,0,Alto
E0372,35,Otro,Secundaria,85,52,52,8,Bajo,47,1.4,Alta,16,0,Medio
E0373,49,Femenino,Maestría,58,76,93,5,Bajo,36,2.7,Media,11,1,Medio
E0374,26,Masculino,Secundaria,94,65,72,2,Medio,19,1.9,Media,5,0,Medio
E0375,51,Masculino,Secundaria,95,98,52,6,Medio,24,3.1,Media,9,0,Medio
E0376,26,Masculino,Maestría,91,64,59,9,Bajo,11,2.0,Media,3,0,Medio
E0377,33,Femenino,Licenciatura,81,84,47,3,Bajo,20,4.8,Media,8,0,Medio
E0378,37,Femenino,Secundaria,81,61,50,1,Alto,24,4.6,Media,6,0,Alto
E0379,47,Masculino,Maestría,55,90,86,1,Bajo,10,3.3,Media,4,1,Alto
E0380,47,Femenino,Maestría,97,93,52,3,Alto,8,2.4,Baja,12,0,Medio
E0381,42,Femenino,Licenciatura,87,75,74,10,Alto,49,2.5,Alta,12,1,Alto
E0382,57,Femenino,Licenciatura,66,96,73,5,Medio,24,2.6,Baja,16,0,Bajo
E0383,54,Femenino,Doctorado,59,83,76,3,Bajo,34,3.9,Baja,10,0,Bajo
E0384,51,Femenino,Licenciatura,99,72,69,9,Bajo,31,2.8,Alta,14,1,Medio
E0385,58,Masculino,Licenciatura,76,80,80,8,Medio,48,4.4,Media,13,1,Medio
E0386,44,Masculino,Maestría,99,99,71,3,Medio,13,4.8,Media,9,1,Bajo
E0387,31,Masculino,Secundaria,84,69,36,9,Alto,0,2.3,Media,7,0,Alto
E0388,26,Masculino,Licenciatura,70,61,79,6,Alto,16,3.2,Media,12,1,Medio
E0389,57,Femenino,Secundaria,74,72,77,7,Medio,24,1.4,Baja,5,1,Medio
E0390,55,Femenino,Maestría,77,53,35,4,Bajo,7,1.8,Media,18,1,Bajo
E0391,52,Masculino,Licenciatura,96,72,38,4,Bajo,4,2.7,Media,4,0,Bajo
E0392,31,Femenino,Licenciatura,64,97,86,2,Alto,4,1.8,Media,2,0,Alto
E0393,40,Masculino,Secundaria,53,97,60,5,Bajo,40,4.5,Media,3,1,Medio
E0394,53,Otro,Secundaria,78,50,50,8,Bajo,34,1.6,Alta,12,0,Alto
E0395,22,Otro,Licenciatura,58,74,69,7,Medio,18,2.8,Baja,3,0,Alto
E0396,26,Masculino,Maestría,76,51,74,7,Medio,22,3.4,Media,4,0,Medio
E0397,25,Femenino,Licenciatura,75,79,78,6,Alto,8,3.8,Media,6,0,Bajo
E0398,37,Masculino,Secundaria,68,52,49,3,Medio,29,2.5,Alta,12,0,Alto
E0399,45,Femenino,Maestría,77,70,46,5,Bajo,49,4.5,Baja,19,0,Alto
E0400,37,Femenino,Secundaria,66,74,57,1,Alto,15,3.3,Media,10,1,Medio
E0401,23,Masculino,Doctorado,92,69,70,7,Medio,32,2.8,Alta,1,0,Alto
E0402,49,Femenino,Secundaria,90,98,95,9,Medio,1,1.3,Baja,17,0,Alto
E0403,53,Masculino,Licenciatura,91,71,54,1,Medio,13,2.9,Alta,16,0,Medio
E0404,48,Masculino,Secundaria,99,70,87,2,Bajo,45,4.3,Baja,9,0,Medio
E0405,41,Femenino,Maestría,69,82,70,3,Medio,0,3.5,Media,9,0,Alto
E0406,45,Masculino,Licenciatura,94,87,35,3,Bajo,25,4.3,Alta,9,0,Medio
E0407,33,Femenino,Secundaria,89,64,67,8,Medio,24,3.0,Media,12,0,Bajo
E0408,56,Masculino,Licenciatura,88,95,35,7,Medio,15,1.5,Media,9,1,Medio
E0409,54,Otro,Secundaria,98,64,74,6,Alto,14,1.1,Baja,15,0,Bajo
E0410,54,Masculino,Secundaria,72,95,43,10,Alto,25,2.2,Alta,2,0,Bajo
E0411,58,Femenino,Maestría,96,74,95,10,Bajo,46,3.8,Media,11,0,Alto
E0412,33,Femenino,Licenciatura,81,70,69,4,Medio,43,4.2,Baja,11,0,Bajo
E0413,24,Masculino,Maestría,96,73,32,9,Medio,15,2.2,Media,8,0,Bajo
E0414,22,Otro,Licenciatura,82,54,53,1,Bajo,13,3.0,Media,6,1,Medio
E0415,54,Femenino,Licenciatura,95,55,48,2,Alto,28,2.7,Baja,7,0,Medio
E0416,31,Femenino,Secundaria,54,98,47,4,Medio,23,2.6,Baja,3,0,Medio
E0417,50,Femenino,Secundaria,92,92,93,3,Bajo,46,1.9,Baja,8,0,Bajo
E0418,34,Otro,Maestría,97,97,64,1,Medio,14,1.5,Media,18,0,Bajo
E0419,33,Otro,Doctorado,83,93,91,5,Bajo,18,1.8,Media,17,1,Bajo
E0420,52,Femenino,Secundaria,89,96,30,7,Medio,7,1.2,Media,11,0,Medio
E0421,23,Femenino,Secundaria,60,72,54,2,Bajo,33,1.8,Alta,2,0,Bajo
E0422,56,Masculino,Licenciatura,99,53,74,5,Alto,1,1.0,Alta,19,0,Alto
E0423,44,Masculino,Doctorado,52,76,78,6,Alto,26,3.5,Media,7,0,Medio
E0424,38,Femenino,Secundaria,82,67,45,7,Medio,9,2.3,Baja,18,0,Bajo
E0425,47,Masculino,Licenciatura,60,70,48,1,Medio,34,4.9,Media,8,0,Alto
E0426,29,Femenino,Maestría,65,77,52,7,Alto,22,1.8,Media,14,0,Medio
E0427,50,Masculino,Secundaria,67,84,54,4,Medio,48,2.4,Media,7,0,Medio
E0428,47,Masculino,Secundaria,79,71,45,8,Bajo,7,2.4,Media,4,0,Bajo
E0429,31,Femenino,Licenciatura,97,89,83,4,Medio,27,1.0,Media,17,0,Medio
E0430,47,Otro,Maestría,59,72,30,6,Alto,22,4.4,Alta,5,1,Alto
E0431,55,Masculino,Secundaria,67,52,71,9,Medio,3,1.1,Baja,12,0,Alto
E0432,28,Femenino,Licenciatura,87,89,48,5,Medio,13,4.8,Media,9,1,Bajo
E0433,25,Femenino,Licenciatura,68,99,63,4,Alto,41,4.6,Baja,13,1,Medio
E0434,32,Masculino,Licenciatura,85,59,84,8,Alto,28,3.1,Alta,18,1,Medio
E0435,50,Femenino,Licenciatura,62,74,47,9,Alto,0,3.2,Baja,9,0,Alto
E0436,57,Masculino,Licenciatura,95,98,63,4,Bajo,3,3.6,Baja,4,0,Alto
E0437,46,Masculino,Licenciatura,52,57,74,3,Medio,31,2.5,Media,8,0,Bajo
E0438,42,Otro,Licenciatura,59,60,35,8,Medio,32,3.6,Media,1,0,Bajo
E0439,57,Masculino,Licenciatura,87,54,50,5,Alto,48,1.2,Baja,17,0,Medio
E0440,31,Femenino,Licenciatura,50,94,99,2,Medio,25,1.2,Media,9,0,Bajo
E0441,58,Femenino,Maestría,76,86,77,10,Bajo,16,2.8,Media,13,1,Medio
E0442,30,Masculino,Secundaria,95,94,68,9,Alto,38,3.2,Baja,2,0,Bajo
E0443,45,Femenino,Maestría,57,87,60,3,Medio,22,4.6,Media,13,0,Medio
E0444,56,Otro,Maestría,100,78,39,2,Bajo,31,1.4,Alta,9,0,Alto
E0445,56,Masculino,Secundaria,95,54,59,1,Medio,14,4.3,Media,6,0,Alto
E0446,57,Femenino,Licenciatura,91,58,47,8,Bajo,12,1.8,Media,1,0,Medio
E0447,39,Femenino,Licenciatura,66,97,89,3,Medio,1,2.6,Media,5,0,Medio
E0448,53,Femenino,Secundaria,58,51,44,7,Bajo,18,2.3,Media,3,0,Alto
E0449,45,Femenino,Licenciatura,55,50,33,1,Medio,23,2.6,Baja,4,0,Bajo
E0450,44,Masculino,Secundaria,92,89,92,1,Medio,44,1.6,Baja,1,1,Medio
E0451,53,Otro,Secundaria,74,100,69,9,Medio,23,3.0,Alta,14,0,Medio
E0452,58,Otro,Maestría,88,79,38,8,Medio,10,4.2,Alta,9,1,Bajo
E0453,33,Femenino,Secundaria,98,60,38,3,Alto,21,2.8,Media,4,0,Medio
E0454,34,Femenino,Maestría,77,77,55,6,Bajo,14,3.0,Baja,18,0,Bajo
E0455,44,Femenino,Licenciatura,82,93,33,3,Bajo,9,4.4,Baja,14,0,Medio
E0456,46,Femenino,Maestría,86,61,45,4,Alto,40,3.8,Media,4,0,Bajo
E0457,56,Femenino,Licenciatura,58,88,44,1,Bajo,26,3.0,Media,10,0,Medio
E0458,51,Femenino,Secundaria,67,75,81,5,Alto,8,2.0,Baja,3,0,Bajo
E0459,38,Femenino,Licenciatura,70,62,98,1,Alto,27,4.5,Alta,7,0,Alto
E0460,41,Femenino,Secundaria,51,57,34,1,Medio,0,3.3,Media,10,0,Medio
E0461,46,Femenino,Licenciatura,92,77,49,10,Alto,16,1.9,Alta,13,1,Medio
E0462,43,Masculino,Maestría,87,79,47,7,Bajo,30,2.1,Media,4,0,Medio
E0463,34,Masculino,Secundaria,89,58,31,6,Medio,43,4.2,Media,18,0,Medio
E0464,40,Masculino,Licenciatura,85,88,42,2,Medio,9,1.2,Media,11,0,Bajo
E0465,57,Femenino,Maestría,99,80,33,2,Medio,36,5.0,Media,4,0,Alto
E0466,33,Femenino,Maestría,92,70,71,7,Alto,28,1.5,Media,14,0,Bajo
E0467,40,Femenino,Licenciatura,86,96,90,1,Bajo,17,4.2,Media,18,0,Bajo
E0468,33,Femenino,Secundaria,64,83,37,2,Medio,46,2.6,Media,8,0,Alto
E0469,30,Femenino,Licenciatura,77,80,96,8,Medio,37,3.0,Alta,10,1,Bajo
E0470,28,Masculino,Secundaria,67,74,92,6,Medio,38,4.5,Media,5,0,Medio
E0471,49,Femenino,Maestría,83,61,38,2,Medio,48,2.7,Media,7,0,Medio
E0472,35,Femenino,Doctorado,71,50,40,7,Medio,5,3.1,Alta,12,0,Medio
E0473,52,Femenino,Maestría,60,71,71,4,Alto,39,1.2,Baja,3,0,Alto
E0474,40,Masculino,Maestría,62,89,42,2,Bajo,11,1.0,Baja,4,0,Medio
E0475,37,Masculino,Secundaria,53,86,65,6,Alto,13,2.0,Media,10,0,Medio
E0476,26,Masculino,Maestría,71,96,42,9,Medio,43,3.7,Media,4,0,Alto
E0477,56,Masculino,Maestría,56,50,41,9,Alto,9,1.5,Alta,15,0,Bajo
E0478,33,Femenino,Secundaria,92,50,66,8,Medio,19,1.5,Media,10,0,Medio
E0479,46,Masculino,Maestría,73,91,81,3,Bajo,14,2.6,Media,16,0,Medio
E0480,42,Femenino,Secundaria,53,91,100,3,Medio,30,3.6,Media,15,0,Medio
E0481,57,Femenino,Licenciatura,77,70,31,2,Alto,6,3.8,Baja,19,0,Alto
E0482,44,Masculino,Maestría,64,64,85,5,Medio,40,1.7,Media,19,0,Alto
E0483,37,Masculino,Licenciatura,50,66,89,4,Alto,9,1.3,Alta,18,0,Bajo
E0484,35,Masculino,Secundaria,52,71,52,7,Medio,9,4.8,Baja,12,1,Bajo
E0485,52,Masculino,Licenciatura,63,87,69,4,Bajo,47,2.0,Media,16,1,Bajo
E0486,26,Masculino,Licenciatura,87,84,93,9,Medio,38,4.4,Media,1,0,Bajo
E0487,56,Femenino,Maestría,99,94,52,2,Alto,27,4.5,Baja,16,0,Bajo
E0488,44,Masculino,Licenciatura,50,65,58,6,Medio,29,4.1,Baja,2,0,Medio
E0489,50,Otro,Licenciatura,87,57,80,7,Alto,36,1.7,Alta,15,0,Alto
E0490,32,Masculino,Maestría,87,96,98,4,Alto,2,4.3,Media,7,0,Alto
E0491,39,Femenino,Licenciatura,70,66,60,6,Medio,49,4.1,Baja,1,0,Bajo
E0492,33,Femenino,Licenciatura,97,66,79,7,Bajo,42,3.4,Baja,5,0,Medio
E0493,30,Femenino,Licenciatura,78,75,49,4,Medio,14,2.3,Media,10,0,Medio
E0494,31,Femenino,Maestría,54,62,84,8,Medio,20,2.1,Media,4,0,Alto
E0495,38,Femenino,Licenciatura,98,66,31,9,Alto,36,1.5,Media,14,0,Alto
E0496,59,Femenino,Licenciatura,59,87,54,1,Medio,11,3.0,Baja,13,0,Alto
E0497,28,Femenino,Secundaria,77,66,42,7,Medio,3,3.3,Alta,1,0,Medio
E0498,34,Femenino,Secundaria,70,97,99,9,Alto,46,2.4,Media,16,0,Medio
E0499,30,Masculino,Secundaria,99,63,96,10,Medio,8,2.9,Media,9,0,Bajo
E0500,48,Masculino,Secundaria,56,94,87,5,Medio,38,2.5,Media,16,0,Medio
E0501,23,Femenino,Licenciatura,52,55,93,2,Medio,41,3.6,Media,19,0,Bajo
E0502,26,Femenino,Maestría,94,84,98,10,Medio,27,4.6,Alta,15,0,Medio
E0503,50,Femenino,Licenciatura,96,95,88,6,Medio,22,1.7,Alta,14,0,Medio
E0504,58,Femenino,Maestría,69,63,89,7,Alto,44,2.5,Media,10,0,Bajo
E0505,59,Otro,Doctorado,68,96,91,2,Medio,39,1.6,Alta,12,0,Bajo
E0506,40,Masculino,Maestría,84,57,45,2,Medio,43,3.5,Media,1,0,Bajo
E0507,29,Masculino,Licenciatura,53,64,97,10,Medio,21,3.9,Alta,17,0,Bajo
E0508,22,Masculino,Licenciatura,54,76,44,10,Medio,23,4.7,Baja,9,0,Bajo
E0509,43,Femenino,Licenciatura,50,62,84,1,Medio,25,2.1,Media,19,0,Bajo
E0510,38,Femenino,Secundaria,53,98,64,4,Alto,29,4.8,Baja,18,0,Bajo
E0511,28,Masculino,Licenciatura,61,80,84,7,Medio,32,1.3,Alta,7,0,Bajo
E0512,46,Femenino,Maestría,76,84,43,9,Medio,15,3.4,Baja,9,0,Alto
E0513,25,Masculino,Maestría,91,55,78,3,Medio,21,1.2,Media,12,0,Medio
E0514,57,Femenino,Secundaria,72,54,36,7,Bajo,48,4.6,Media,7,0,Bajo
E0515,27,Femenino,Licenciatura,74,71,59,7,Medio,49,3.1,Media,14,0,Medio
E0516,52,Masculino,Maestría,70,98,78,7,Medio,42,3.7,Media,15,0,Alto
E0517,40,Femenino,Secundaria,73,72,45,2,Medio,17,4.3,Alta,15,0,Medio
E0518,48,Masculino,Licenciatura,74,74,80,6,Medio,6,1.6,Media,6,1,Bajo
E0519,31,Masculino,Maestría,94,83,71,2,Bajo,49,1.2,Alta,14,0,Medio
E0520,47,Masculino,Licenciatura,95,75,46,6,Bajo,25,4.5,Baja,2,1,Alto
E0521,40,Masculino,Secundaria,81,96,92,10,Alto,7,2.3,Media,8,0,Alto
E0522,24,Masculino,Licenciatura,81,54,74,3,Medio,5,1.5,Media,13,0,Medio
E0523,34,Femenino,Maestría,54,75,36,2,Medio,29,2.9,Baja,6,0,Alto
E0524,49,Femenino,Licenciatura,85,69,56,6,Bajo,38,3.4,Media,5,0,Alto
E0525,41,Femenino,Secundaria,95,55,39,2,Bajo,22,1.1,Media,5,0,Medio
E0526,49,Masculino,Licenciatura,91,55,63,5,Medio,31,2.1,Media,1,0,Medio
E0527,29,Femenino,Licenciatura,98,99,65,2,Medio,21,1.1,Media,9,0,Medio
E0528,22,Masculino,Licenciatura,91,67,54,3,Medio,41,2.7,Media,6,0,Alto
E0529,24,Masculino,Maestría,88,53,35,3,Bajo,42,4.6,Baja,7,0,Bajo
E0530,34,Femenino,Secundaria,65,66,53,6,Medio,44,4.9,Baja,9,1,Alto
E0531,49,Masculino,Maestría,82,63,47,6,Bajo,8,3.5,Media,5,0,Bajo
E0532,46,Femenino,Secundaria,98,63,35,10,Bajo,30,1.6,Baja,14,0,Medio
E0533,54,Femenino,Licenciatura,70,62,58,3,Medio,6,4.6,Baja,5,0,Alto
E0534,59,Masculino,Secundaria,58,56,54,3,Medio,8,3.1,Media,8,0,Bajo
E0535,27,Masculino,Licenciatura,55,93,84,1,Bajo,12,1.6,Media,7,0,Medio
E0536,53,Masculino,Licenciatura,100,64,75,7,Medio,2,4.7,Media,13,0,Bajo
E0537,42,Femenino,Licenciatura,94,68,53,8,Medio,34,4.0,Media,13,0,Medio
E0538,37,Masculino,Secundaria,84,92,55,2,Alto,32,3.9,Media,8,0,Bajo
E0539,42,Masculino,Licenciatura,88,96,57,4,Medio,20,3.8,Media,11,1,Medio
E0540,32,Masculino,Secundaria,71,93,32,10,Bajo,30,1.8,Media,18,0,Medio
E0541,58,Femenino,Maestría,90,84,67,7,Medio,33,1.8,Media,19,1,Alto
E0542,57,Masculino,Maestría,54,66,90,8,Alto,31,3.8,Media,6,1,Alto
E0543,56,Masculino,Licenciatura,91,84,80,1,Medio,34,1.9,Media,2,0,Bajo
E0544,40,Femenino,Licenciatura,72,68,77,4,Medio,14,2.8,Baja,13,0,Alto
E0545,41,Otro,Licenciatura,66,69,50,6,Bajo,31,4.1,Media,11,0,Bajo
E0546,39,Masculino,Secundaria,61,85,83,3,Medio,5,4.1,Media,1,0,Bajo
E0547,35,Masculino,Licenciatura,72,84,85,5,Bajo,44,2.8,Alta,2,0,Bajo
E0548,36,Masculino,Maestría,65,81,88,10,Medio,20,4.2,Alta,17,0,Alto
E0549,52,Femenino,Licenciatura,52,97,80,9,Alto,32,4.4,Media,8,0,Alto
E0550,22,Masculino,Secundaria,79,93,49,3,Alto,31,3.6,Baja,2,0,Bajo
E0551,24,Femenino,Maestría,71,89,88,5,Medio,18,1.9,Baja,6,1,Bajo
E0552,37,Femenino,Licenciatura,58,73,100,8,Medio,32,2.1,Media,5,0,Bajo
E0553,44,Femenino,Maestría,78,66,38,6,Alto,27,2.3,Media,16,0,Medio
E0554,32,Masculino,Licenciatura,96,56,30,4,Medio,30,1.5,Baja,8,1,Medio
E0555,33,Femenino,Licenciatura,86,92,58,8,Bajo,20,2.1,Media,19,0,Bajo
E0556,31,Femenino,Secundaria,72,99,92,3,Medio,33,1.8,Baja,16,0,Alto
E0557,53,Femenino,Secundaria,62,50,85,3,Bajo,14,2.8,Alta,13,0,Medio
E0558,37,Masculino,Doctorado,81,84,97,4,Medio,13,4.6,Baja,7,0,Alto
E0559,29,Otro,Secundaria,95,81,64,9,Medio,18,1.4,Alta,16,0,Medio
E0560,59,Masculino,Doctorado,96,85,32,5,Medio,42,3.9,Alta,16,1,Medio
E0561,33,Masculino,Licenciatura,97,62,36,8,Medio,14,3.7,Media,12,0,Alto
E0562,45,Masculino,Secundaria,72,55,56,6,Bajo,5,1.4,Media,14,0,Alto
E0563,49,Femenino,Secundaria,94,63,30,3,Medio,8,4.7,Media,18,0,Bajo
E0564,29,Masculino,Secundaria,66,86,100,8,Alto,36,3.3,Media,18,0,Medio
E0565,49,Masculino,Maestría,89,97,73,9,Medio,19,2.5,Media,16,1,Alto
E0566,57,Masculino,Licenciatura,70,64,70,8,Medio,33,4.0,Media,16,1,Bajo
E0567,47,Masculino,Licenciatura,51,96,71,4,Alto,37,2.0,Media,13,0,Bajo
E0568,29,Femenino,Licenciatura,86,53,62,6,Alto,25,3.8,Media,9,0,Medio
E0569,49,Femenino,Secundaria,55,89,79,1,Bajo,17,1.2,Media,9,0,Alto
E0570,49,Masculino,Licenciatura,93,65,92,4,Bajo,27,4.4,Baja,13,0,Alto
E0571,58,Femenino,Secundaria,67,77,66,8,Medio,8,2.8,Media,4,0,Alto
E0572,57,Femenino,Maestría,79,65,88,1,Alto,31,3.5,Baja,9,0,Medio
E0573,48,Masculino,Licenciatura,71,53,77,3,Alto,5,1.9,Baja,15,1,Bajo
E0574,38,Masculino,Licenciatura,82,94,34,1,Alto,13,3.7,Baja,14,0,Medio
E0575,30,Otro,Licenciatura,79,75,77,9,Medio,27,4.1,Baja,19,1,Alto
E0576,54,Femenino,Licenciatura,66,77,32,2,Medio,23,2.9,Baja,12,0,Bajo
E0577,41,Masculino,Doctorado,92,81,76,9,Bajo,12,3.5,Alta,6,0,Bajo
E0578,34,Femenino,Licenciatura,81,94,91,4,Bajo,42,2.8,Baja,3,1,Bajo
E0579,49,Masculino,Secundaria,91,51,43,2,Medio,11,4.6,Media,16,0,Medio
E0580,50,Femenino,Licenciatura,100,80,92,4,Medio,18,3.0,Baja,17,1,Alto
E0581,34,Masculino,Secundaria,63,52,90,10,Medio,20,4.4,Alta,16,0,Medio
E0582,56,Masculino,Secundaria,59,57,60,6,Medio,26,4.2,Media,6,0,Alto
E0583,27,Masculino,Doctorado,96,73,46,7,Medio,18,2.6,Media,8,1,Bajo
E0584,39,Otro,Maestría,100,64,53,3,Medio,23,1.9,Media,19,0,Alto
E0585,26,Femenino,Doctorado,85,92,52,3,Bajo,25,2.6,Media,2,1,Alto
E0586,46,Masculino,Licenciatura,83,80,79,10,Medio,44,4.3,Media,14,1,Medio
E0587,23,Masculino,Licenciatura,58,58,99,8,Alto,27,1.9,Baja,12,0,Alto
E0588,31,Femenino,Secundaria,91,88,56,5,Medio,45,3.1,Alta,17,0,Bajo
E0589,51,Masculino,Secundaria,77,94,44,4,Alto,17,4.2,Media,15,0,Alto
E0590,26,Masculino,Maestría,60,51,79,7,Medio,43,2.4,Media,18,0,Alto
E0591,54,Otro,Licenciatura,63,57,65,7,Medio,35,3.6,Media,16,0,Alto
E0592,22,Masculino,Maestría,88,56,37,9,Medio,41,2.0,Media,13,0,Medio
E0593,39,Femenino,Maestría,96,93,32,9,Medio,28,1.4,Alta,17,0,Bajo
E0594,53,Otro,Secundaria,68,100,91,5,Alto,16,4.2,Media,8,0,Medio
E0595,32,Masculino,Licenciatura,64,88,76,8,Medio,3,1.4,Media,1,0,Medio
E0596,42,Masculino,Licenciatura,77,91,90,10,Alto,43,2.1,Baja,3,1,Alto
E0597,47,Masculino,Secundaria,73,65,61,1,Bajo,44,4.4,Alta,16,0,Alto
E0598,46,Femenino,Maestría,57,84,42,9,Alto,28,2.4,Media,2,1,Alto
E0599,43,Femenino,Licenciatura,92,79,30,8,Bajo,3,4.9,Baja,15,0,Bajo
E0600,48,Femenino,Secundaria,58,59,63,6,Alto,9,4.9,Baja,1,0,Alto
E0601,34,Masculino,Licenciatura,96,87,91,3,Medio,24,2.1,Media,9,0,Alto
E0602,54,Femenino,Doctorado,82,67,100,3,Medio,30,1.2,Alta,16,0,Alto
E0603,55,Otro,Secundaria,82,99,60,8,Medio,2,3.8,Baja,4,1,Bajo
E0604,56,Femenino,Maestría,68,54,93,5,Alto,46,2.8,Media,12,0,Bajo
E0605,22,Otro,Secundaria,52,78,54,10,Bajo,1,1.4,Baja,1,0,Bajo
E0606,42,Femenino,Maestría,59,88,67,7,Medio,24,3.8,Media,1,0,Medio
E0607,27,Femenino,Maestría,89,83,43,5,Alto,48,1.1,Media,7,0,Medio
E0608,49,Femenino,Licenciatura,96,92,37,8,Medio,5,4.5,Alta,18,0,Alto
E0609,38,Masculino,Licenciatura,91,94,83,10,Bajo,25,1.6,Media,15,0,Medio
E0610,26,Masculino,Maestría,50,72,31,10,Medio,7,1.5,Alta,13,0,Medio
E0611,52,Femenino,Licenciatura,78,54,85,4,Medio,34,1.7,Media,16,0,Medio
E0612,26,Masculino,Maestría,99,79,90,2,Alto,26,4.8,Baja,7,1,Alto
E0613,59,Femenino,Secundaria,83,55,51,3,Alto,24,3.8,Media,16,0,Alto
E0614,24,Otro,Maestría,100,95,64,8,Medio,17,4.2,Media,13,0,Alto
E0615,44,Femenino,Maestría,62,93,45,7,Alto,0,2.6,Alta,14,0,Medio
E0616,58,Masculino,Maestría,50,53,79,2,Medio,47,2.3,Alta,17,0,Medio
E0617,58,Masculino,Secundaria,83,78,72,6,Bajo,38,1.9,Baja,12,1,Alto
E0618,31,Masculino,Licenciatura,78,72,46,9,Medio,2,2.9,Baja,13,0,Medio
E0619,31,Femenino,Licenciatura,97,55,87,4,Medio,3,3.2,Baja,15,0,Bajo
E0620,40,Femenino,Licenciatura,96,81,31,9,Bajo,40,3.5,Alta,4,0,Bajo
E0621,38,Otro,Licenciatura,62,91,33,2,Alto,36,2.0,Alta,2,0,Bajo
E0622,42,Masculino,Secundaria,97,67,68,2,Alto,14,4.8,Media,18,0,Alto
E0623,35,Otro,Maestría,98,64,35,9,Medio,7,1.7,Media,2,0,Bajo
E0624,30,Femenino,Licenciatura,78,89,98,7,Medio,37,4.9,Media,15,0,Bajo
E0625,22,Masculino,Secundaria,88,81,98,7,Medio,49,1.1,Media,19,0,Bajo
E0626,34,Femenino,Licenciatura,73,58,49,1,Alto,18,2.9,Baja,15,1,Medio
E0627,25,Masculino,Licenciatura,75,86,93,6,Alto,46,2.3,Media,10,0,Medio
E0628,22,Masculino,Secundaria,66,59,45,7,Medio,25,2.8,Baja,11,1,Medio
E0629,53,Femenino,Doctorado,56,69,80,6,Alto,38,3.3,Baja,10,0,Bajo
E0630,55,Masculino,Maestría,62,55,66,6,Medio,9,2.7,Alta,5,1,Bajo
E0631,49,Femenino,Licenciatura,54,97,98,2,Medio,37,2.7,Media,9,0,Medio
E0632,52,Femenino,Secundaria,75,52,71,6,Bajo,13,3.9,Media,19,0,Medio
E0633,29,Femenino,Maestría,98,91,86,4,Bajo,48,3.7,Media,13,0,Bajo
E0634,47,Masculino,Licenciatura,52,60,95,9,Medio,40,4.3,Media,18,0,Bajo
E0635,55,Femenino,Licenciatura,56,92,38,1,Medio,18,2.0,Media,17,0,Alto
E0636,24,Femenino,Licenciatura,98,66,93,8,Bajo,29,3.4,Media,6,0,Medio
E0637,33,Femenino,Licenciatura,88,81,51,5,Medio,4,3.3,Media,10,0,Bajo
E0638,22,Masculino,Licenciatura,50,53,63,1,Bajo,30,2.5,Media,2,0,Bajo
E0639,26,Masculino,Licenciatura,98,53,84,4,Medio,6,2.9,Baja,6,0,Alto
E0640,51,Femenino,Licenciatura,66,66,58,1,Medio,18,2.3,Media,13,0,Medio
E0641,51,Masculino,Maestría,92,90,67,6,Alto,30,1.6,Media,18,0,Medio
E0642,38,Femenino,Licenciatura,74,68,47,2,Medio,38,1.9,Media,7,0,Alto
E0643,44,Femenino,Maestría,52,54,100,5,Bajo,23,1.4,Media,2,0,Alto
E0644,36,Femenino,Maestría,64,81,94,7,Medio,33,3.7,Media,14,0,Alto
E0645,58,Femenino,Licenciatura,78,71,30,2,Alto,22,3.6,Baja,5,0,Medio
E0646,42,Otro,Licenciatura,92,55,33,6,Alto,47,4.8,Media,18,1,Medio
E0647,35,Femenino,Licenciatura,81,84,33,6,Medio,44,3.9,Alta,11,0,Bajo
E0648,23,Otro,Licenciatura,75,71,56,5,Medio,39,1.2,Baja,10,0,Alto
E0649,32,Femenino,Maestría,65,50,72,5,Alto,5,4.5,Media,11,0,Medio
E0650,59,Masculino,Licenciatura,74,69,88,3,Bajo,37,4.5,Media,2,0,Bajo
E0651,55,Masculino,Doctorado,77,71,61,10,Medio,40,2.8,Baja,15,1,Alto
E0652,59,Femenino,Secundaria,58,97,62,10,Medio,35,3.3,Media,7,1,Alto
E0653,55,Masculino,Secundaria,50,60,57,2,Bajo,26,4.9,Media,9,0,Alto
E0654,39,Femenino,Licenciatura,78,62,84,7,Medio,10,3.1,Media,5,0,Alto
E0655,51,Masculino,Secundaria,71,91,89,1,Medio,4,4.6,Alta,7,0,Alto
E0656,36,Femenino,Secundaria,65,52,99,6,Medio,16,1.3,Baja,2,0,Bajo
E0657,48,Femenino,Licenciatura,90,58,91,6,Alto,6,1.8,Baja,3,0,Alto
E0658,55,Femenino,Secundaria,100,61,63,3,Medio,26,2.8,Alta,2,0,Alto
E0659,59,Femenino,Secundaria,93,72,85,2,Alto,46,3.3,Media,19,0,Bajo
E0660,54,Femenino,Doctorado,100,63,42,2,Bajo,14,4.3,Media,4,0,Bajo
E0661,45,Masculino,Secundaria,90,82,85,9,Medio,45,5.0,Media,7,0,Alto
E0662,36,Femenino,Maestría,56,67,47,5,Bajo,12,2.6,Media,7,0,Bajo
E0663,51,Masculino,Maestría,63,98,83,7,Alto,10,1.2,Media,17,0,Alto
E0664,38,Otro,Maestría,78,90,72,5,Alto,44,4.2,Baja,19,1,Bajo
E0665,26,Femenino,Secundaria,68,58,68,7,Medio,25,3.4,Baja,16,0,Bajo
E0666,50,Masculino,Maestría,68,72,90,4,Alto,21,1.8,Baja,3,0,Medio
E0667,25,Masculino,Licenciatura,51,59,71,8,Medio,27,3.0,Alta,15,1,Bajo
E0668,31,Femenino,Licenciatura,90,68,47,10,Alto,23,4.0,Baja,14,1,Medio
E0669,38,Masculino,Licenciatura,94,96,52,10,Medio,28,4.1,Media,15,0,Medio
E0670,31,Masculino,Maestría,64,54,83,7,Alto,8,3.0,Alta,14,0,Bajo
E0671,38,Femenino,Licenciatura,52,96,59,10,Medio,41,2.2,Media,7,0,Bajo
E0672,41,Femenino,Maestría,60,72,87,5,Bajo,3,4.9,Media,3,0,Medio
E0673,45,Femenino,Licenciatura,95,79,97,6,Medio,48,3.7,Media,17,0,Bajo
E0674,26,Otro,Maestría,79,74,96,5,Bajo,45,2.6,Media,10,1,Alto
E0675,55,Femenino,Doctorado,89,77,100,7,Medio,17,2.1,Media,15,0,Medio
E0676,27,Femenino,Secundaria,67,83,47,2,Medio,42,3.9,Media,6,0,Bajo
E0677,23,Masculino,Doctorado,100,94,36,5,Medio,15,2.0,Alta,17,0,Medio
E0678,34,Femenino,Secundaria,97,97,69,10,Bajo,32,1.7,Alta,17,0,Bajo
E0679,32,Masculino,Secundaria,51,96,99,3,Bajo,28,3.1,Alta,14,0,Bajo
E0680,44,Otro,Secundaria,81,74,94,9,Medio,38,2.2,Alta,18,0,Bajo
E0681,37,Femenino,Licenciatura,57,59,97,6,Alto,9,3.5,Media,5,0,Alto
E0682,52,Femenino,Licenciatura,71,63,78,10,Medio,8,1.5,Media,8,0,Alto
E0683,32,Masculino,Secundaria,55,91,81,3,Medio,30,3.6,Alta,7,0,Alto
E0684,37,Femenino,Secundaria,61,95,58,7,Medio,27,2.1,Media,4,0,Medio
E0685,29,Femenino,Maestría,96,79,50,4,Medio,2,1.0,Alta,18,1,Bajo
E0686,25,Masculino,Maestría,89,90,38,3,Medio,13,1.5,Media,5,0,Medio
E0687,25,Masculino,Maestría,85,74,76,8,Medio,24,4.7,Media,16,1,Alto
E0688,46,Femenino,Maestría,64,63,71,4,Bajo,14,4.5,Media,14,0,Alto
E0689,24,Masculino,Maestría,77,84,80,1,Alto,1,1.9,Alta,19,0,Bajo
E0690,53,Otro,Secundaria,98,97,85,6,Bajo,23,4.1,Baja,14,0,Bajo
E0691,24,Masculino,Licenciatura,94,83,80,10,Medio,13,3.4,Media,9,0,Medio
E0692,48,Masculino,Maestría,67,59,99,1,Bajo,47,4.9,Media,6,1,Alto
E0693,50,Femenino,Secundaria,51,84,49,5,Bajo,6,2.5,Baja,17,1,Alto
E0694,53,Masculino,Licenciatura,62,60,56,7,Alto,35,3.7,Media,19,0,Medio
E0695,40,Femenino,Secundaria,94,60,67,6,Bajo,49,1.3,Media,12,0,Alto
E0696,42,Masculino,Licenciatura,64,70,94,2,Bajo,23,2.6,Media,4,0,Medio
E0697,26,Masculino,Licenciatura,69,70,83,4,Medio,26,4.9,Media,16,1,Alto
E0698,39,Femenino,Licenciatura,78,71,53,2,Bajo,36,3.2,Media,11,0,Alto
E0699,49,Femenino,Licenciatura,91,94,76,1,Bajo,37,2.2,Media,4,0,Alto
E0700,43,Femenino,Licenciatura,78,56,100,3,Alto,29,1.5,Media,17,0,Medio
E0701,42,Femenino,Secundaria,52,66,92,3,Alto,26,3.8,Baja,8,0,Bajo
E0702,27,Femenino,Secundaria,68,51,86,7,Alto,38,3.6,Alta,14,1,Medio
E0703,22,Masculino,Maestría,52,61,84,1,Alto,14,2.5,Media,2,0,Medio
E0704,26,Masculino,Licenciatura,63,91,89,9,Medio,25,4.8,Media,11,0,Alto
E0705,33,Otro,Secundaria,89,67,91,6,Bajo,0,1.1,Media,11,0,Bajo
E0706,47,Femenino,Maestría,53,60,59,4,Alto,3,2.2,Media,6,0,Bajo
E0707,55,Femenino,Secundaria,60,65,51,3,Alto,28,4.7,Media,14,0,Alto
E0708,35,Masculino,Licenciatura,80,98,58,3,Alto,0,2.3,Media,10,0,Bajo
E0709,47,Masculino,Secundaria,92,100,70,2,Medio,42,2.0,Media,8,1,Medio
E0710,48,Femenino,Maestría,81,67,71,2,Bajo,49,3.1,Media,7,0,Medio
E0711,30,Femenino,Licenciatura,76,84,94,10,Alto,45,4.3,Media,8,0,Medio
E0712,47,Femenino,Secundaria,79,75,60,5,Medio,21,1.4,Baja,8,0,Bajo
E0713,43,Femenino,Maestría,92,65,59,9,Alto,10,4.8,Media,2,0,Alto
E0714,51,Femenino,Licenciatura,51,55,47,2,Bajo,9,4.2,Baja,16,1,Medio
E0715,38,Masculino,Secundaria,98,93,46,2,Bajo,16,1.7,Baja,9,0,Alto
E0716,47,Masculino,Secundaria,58,92,67,6,Bajo,35,3.8,Alta,13,0,Medio
E0717,57,Masculino,Secundaria,77,96,43,10,Alto,46,2.5,Media,12,0,Bajo
E0718,22,Masculino,Secundaria,80,96,85,2,Bajo,25,2.6,Media,17,0,Bajo
E0719,29,Femenino,Licenciatura,83,97,51,4,Bajo,47,4.1,Media,2,0,Bajo
E0720,56,Femenino,Maestría,64,91,96,6,Alto,20,4.9,Alta,13,1,Medio
E0721,36,Femenino,Licenciatura,97,61,85,5,Bajo,12,1.5,Media,1,0,Bajo
E0722,43,Masculino,Secundaria,74,62,48,1,Alto,8,2.7,Media,19,0,Medio
E0723,35,Masculino,Secundaria,85,53,86,6,Medio,10,2.9,Media,11,0,Medio
E0724,47,Masculino,Secundaria,57,88,73,1,Alto,10,2.5,Alta,5,0,Bajo
E0725,49,Masculino,Licenciatura,58,51,64,3,Medio,5,2.5,Alta,1,0,Bajo
E0726,44,Femenino,Maestría,86,75,30,10,Alto,0,1.2,Alta,13,1,Alto
E0727,35,Masculino,Secundaria,97,76,81,5,Alto,5,3.7,Baja,8,0,Alto
E0728,45,Femenino,Maestría,94,76,99,10,Bajo,12,2.7,Baja,6,0,Bajo
E0729,23,Masculino,Maestría,88,64,66,5,Bajo,21,1.8,Baja,17,0,Bajo
E0730,47,Masculino,Licenciatura,81,57,94,10,Medio,30,4.3,Baja,12,1,Alto
E0731,35,Masculino,Maestría,66,56,80,6,Medio,21,4.2,Alta,1,0,Bajo
E0732,28,Femenino,Licenciatura,84,96,30,10,Alto,36,2.9,Baja,3,1,Alto
E0733,24,Femenino,Licenciatura,86,95,50,8,Medio,46,2.2,Baja,14,0,Bajo
E0734,44,Masculino,Licenciatura,68,89,82,5,Medio,26,3.6,Baja,8,1,Alto
E0735,39,Masculino,Licenciatura,93,61,45,1,Bajo,49,2.2,Baja,11,0,Medio
E0736,59,Femenino,Secundaria,78,62,90,5,Alto,13,1.9,Baja,14,0,Alto
E0737,56,Masculino,Licenciatura,56,92,83,3,Alto,46,3.9,Media,8,0,Medio
E0738,36,Masculino,Secundaria,77,66,69,4,Medio,4,1.2,Media,3,0,Medio
E0739,46,Femenino,Licenciatura,58,66,55,8,Medio,35,1.4,Baja,7,0,Bajo
E0740,58,Femenino,Secundaria,77,85,94,7,Bajo,31,1.0,Media,19,0,Bajo
E0741,49,Masculino,Maestría,55,70,93,5,Medio,33,1.6,Media,4,0,Alto
E0742,31,Otro,Maestría,78,57,72,2,Medio,6,1.3,Baja,16,0,Medio
E0743,38,Femenino,Licenciatura,66,54,46,6,Bajo,41,5.0,Media,13,1,Alto
E0744,43,Masculino,Secundaria,65,75,88,6,Medio,47,2.2,Media,19,0,Medio
E0745,47,Femenino,Maestría,72,65,52,10,Medio,9,1.6,Media,5,1,Alto
E0746,46,Femenino,Maestría,80,85,36,10,Medio,49,2.0,Media,5,0,Medio
E0747,38,Masculino,Maestría,52,77,73,6,Medio,16,4.7,Baja,4,0,Alto
E0748,34,Masculino,Secundaria,70,78,82,9,Bajo,29,3.1,Alta,2,0,Alto
E0749,41,Masculino,Licenciatura,75,96,100,8,Alto,20,2.5,Alta,13,0,Medio
E0750,46,Femenino,Secundaria,85,61,63,8,Medio,12,4.5,Alta,16,1,Alto
E0751,25,Masculino,Secundaria,91,86,75,1,Medio,0,2.6,Baja,2,0,Alto
E0752,31,Femenino,Maestría,86,79,97,5,Bajo,0,2.3,Alta,19,1,Bajo
E0753,24,Femenino,Maestría,71,72,45,7,Alto,46,1.8,Alta,17,1,Medio
E0754,39,Masculino,Licenciatura,91,65,100,6,Alto,32,2.5,Alta,5,0,Bajo
E0755,57,Femenino,Maestría,61,63,48,5,Bajo,37,2.3,Baja,18,1,Alto
E0756,43,Masculino,Licenciatura,91,59,31,8,Medio,24,3.7,Media,18,0,Bajo
E0757,55,Femenino,Licenciatura,62,56,39,3,Bajo,25,2.2,Alta,8,1,Bajo
E0758,29,Femenino,Licenciatura,60,94,79,6,Medio,12,3.3,Media,15,0,Medio
E0759,40,Masculino,Maestría,65,86,41,5,Bajo,27,1.3,Media,13,0,Medio
E0760,58,Femenino,Secundaria,57,78,99,8,Medio,32,1.8,Alta,13,1,Alto
E0761,27,Masculino,Maestría,89,52,51,4,Medio,36,2.6,Media,16,0,Alto
E0762,47,Masculino,Maestría,89,64,61,8,Medio,40,4.7,Media,13,0,Medio
E0763,55,Masculino,Secundaria,94,85,30,10,Medio,29,2.5,Media,2,0,Bajo
E0764,27,Masculino,Licenciatura,51,96,83,2,Medio,48,3.7,Alta,3,0,Alto
E0765,58,Otro,Maestría,79,95,87,9,Medio,47,2.0,Baja,15,0,Medio
E0766,54,Masculino,Licenciatura,79,68,99,9,Bajo,7,1.5,Media,19,1,Medio
E0767,43,Masculino,Maestría,61,62,47,10,Bajo,48,1.2,Media,13,0,Medio
E0768,42,Femenino,Maestría,59,91,35,10,Alto,46,2.2,Media,5,0,Medio
E0769,27,Masculino,Licenciatura,93,70,74,6,Bajo,0,1.6,Media,6,0,Medio
E0770,27,Otro,Licenciatura,60,86,52,4,Medio,11,1.7,Alta,14,0,Alto
E0771,25,Femenino,Maestría,64,76,52,4,Alto,4,4.0,Alta,4,0,Medio
E0772,51,Femenino,Licenciatura,65,78,55,6,Medio,23,1.1,Baja,19,0,Alto
E0773,32,Masculino,Secundaria,66,69,36,5,Medio,5,3.2,Media,7,1,Medio
E0774,51,Masculino,Secundaria,75,74,73,6,Medio,24,2.5,Baja,4,0,Bajo
E0775,52,Masculino,Licenciatura,51,55,56,7,Alto,0,3.0,Media,2,0,Alto
E0776,45,Femenino,Maestría,99,85,55,7,Alto,24,3.3,Media,7,1,Medio
E0777,30,Masculino,Maestría,61,51,65,9,Medio,0,2.3,Alta,3,0,Bajo
E0778,24,Masculino,Licenciatura,100,71,84,8,Bajo,31,2.2,Alta,15,0,Medio
E0779,52,Otro,Secundaria,75,81,93,6,Medio,41,3.9,Baja,1,0,Medio
E0780,58,Femenino,Secundaria,72,65,86,6,Medio,41,4.5,Baja,2,1,Alto
E0781,57,Masculino,Maestría,67,67,98,5,Medio,2,1.8,Media,10,0,Medio
E0782,45,Masculino,Secundaria,81,54,90,1,Bajo,48,1.4,Media,16,0,Alto
E0783,52,Otro,Secundaria,98,85,31,9,Bajo,18,4.6,Baja,15,0,Bajo
E0784,27,Masculino,Secundaria,87,79,84,9,Alto,42,2.4,Alta,15,0,Medio
E0785,23,Femenino,Licenciatura,96,94,67,9,Medio,28,3.2,Alta,14,0,Alto
E0786,41,Femenino,Maestría,52,68,58,8,Medio,49,2.4,Media,14,0,Alto
E0787,49,Masculino,Secundaria,87,72,55,10,Medio,1,1.5,Alta,6,0,Bajo
E0788,32,Femenino,Licenciatura,52,83,64,3,Alto,8,3.4,Media,14,0,Bajo
E0789,25,Masculino,Licenciatura,79,62,96,1,Medio,16,3.1,Media,17,0,Medio
E0790,36,Masculino,Doctorado,50,92,58,8,Medio,45,1.8,Media,18,0,Medio
E0791,27,Femenino,Secundaria,79,78,63,7,Bajo,35,2.8,Baja,19,1,Alto
E0792,51,Femenino,Licenciatura,94,85,70,5,Medio,16,4.2,Alta,17,1,Alto
E0793,59,Femenino,Licenciatura,81,71,70,10,Alto,48,3.4,Media,16,0,Medio
E0794,23,Femenino,Maestría,77,96,52,7,Medio,11,1.4,Media,8,0,Alto
E0795,36,Masculino,Licenciatura,70,85,100,10,Medio,19,3.2,Media,7,1,Medio
E0796,32,Masculino,Secundaria,95,58,32,4,Medio,49,3.8,Baja,12,0,Bajo
E0797,29,Masculino,Licenciatura,62,88,87,9,Medio,2,4.2,Baja,9,0,Medio
E0798,47,Masculino,Maestría,76,100,61,10,Alto,42,3.5,Media,14,0,Alto
E0799,26,Masculino,Secundaria,85,68,60,2,Medio,49,1.6,Media,1,0,Alto
E0800,27,Masculino,Maestría,56,87,72,9,Bajo,3,3.8,Media,10,1,Medio
E0801,47,Masculino,Secundaria,71,55,36,9,Bajo,16,3.7,Media,17,1,Medio
E0802,25,Masculino,Licenciatura,59,96,30,5,Medio,49,1.1,Media,17,0,Alto
E0803,40,Femenino,Licenciatura,88,64,90,1,Alto,36,2.6,Media,17,0,Medio
E0804,41,Femenino,Maestría,64,69,43,7,Medio,45,2.3,Media,4,0,Medio
E0805,54,Masculino,Licenciatura,64,58,81,10,Alto,41,3.7,Alta,17,0,Alto
E0806,41,Otro,Maestría,53,81,35,10,Alto,14,1.9,Media,18,0,Alto
E0807,33,Femenino,Maestría,81,53,39,4,Bajo,32,3.4,Media,2,0,Medio
E0808,22,Masculino,Licenciatura,72,99,100,9,Bajo,15,4.7,Baja,8,0,Medio
E0809,47,Femenino,Maestría,55,67,59,6,Bajo,10,4.2,Media,13,1,Medio
E0810,35,Femenino,Maestría,73,54,50,3,Medio,19,4.7,Baja,15,0,Bajo
E0811,59,Femenino,Secundaria,69,69,89,6,Bajo,37,4.9,Media,9,0,Alto
E0812,58,Masculino,Licenciatura,86,72,92,10,Medio,23,1.0,Baja,3,0,Medio
E0813,32,Femenino,Maestría,69,60,71,6,Medio,15,3.5,Media,3,0,Alto
E0814,57,Masculino,Secundaria,61,86,80,5,Medio,29,2.7,Media,2,0,Bajo
E0815,34,Femenino,Maestría,82,71,93,2,Bajo,33,4.4,Media,1,0,Medio
E0816,24,Femenino,Doctorado,77,53,85,10,Medio,0,2.0,Baja,14,0,Bajo
E0817,54,Femenino,Secundaria,57,78,70,10,Medio,23,4.9,Baja,17,1,Alto
E0818,27,Femenino,Licenciatura,50,93,61,2,Medio,23,3.5,Media,13,1,Medio
E0819,31,Femenino,Licenciatura,86,83,44,7,Alto,8,4.2,Baja,19,0,Medio
E0820,26,Masculino,Licenciatura,71,62,91,2,Bajo,21,1.3,Media,15,0,Bajo
E0821,44,Masculino,Secundaria,55,91,56,6,Alto,11,1.7,Media,14,0,Bajo
E0822,31,Femenino,Secundaria,70,58,57,5,Medio,16,4.0,Media,2,0,Bajo
E0823,23,Masculino,Licenciatura,81,91,93,4,Medio,24,1.1,Media,7,0,Bajo
E0824,34,Masculino,Maestría,84,80,88,7,Medio,27,4.3,Alta,17,1,Medio
E0825,23,Masculino,Maestría,64,56,87,8,Medio,14,1.1,Baja,18,0,Medio
E0826,41,Masculino,Licenciatura,54,53,31,4,Bajo,29,3.6,Baja,6,0,Medio
E0827,22,Otro,Secundaria,95,68,65,1,Medio,26,2.5,Baja,8,0,Medio
E0828,58,Femenino,Licenciatura,99,91,100,1,Medio,21,3.4,Baja,2,1,Bajo
E0829,30,Otro,Secundaria,97,79,42,1,Medio,9,3.8,Baja,1,0,Bajo
E0830,38,Femenino,Maestría,55,80,44,1,Medio,30,2.4,Media,16,0,Bajo
E0831,30,Femenino,Maestría,74,84,89,5,Alto,26,1.4,Media,7,0,Alto
E0832,32,Masculino,Maestría,95,70,51,4,Medio,11,1.3,Media,11,0,Medio
E0833,36,Femenino,Maestría,89,80,92,9,Bajo,45,3.4,Media,15,0,Bajo
E0834,45,Masculino,Secundaria,78,68,54,3,Medio,30,3.1,Media,13,0,Bajo
E0835,59,Femenino,Maestría,56,80,77,7,Alto,31,4.0,Media,2,1,Alto
E0836,56,Femenino,Licenciatura,89,81,72,8,Alto,31,3.0,Baja,14,0,Alto
E0837,51,Masculino,Maestría,62,51,67,6,Medio,40,2.7,Media,6,1,Medio
E0838,52,Otro,Secundaria,87,59,70,10,Alto,44,2.6,Baja,9,0,Medio
E0839,26,Femenino,Maestría,67,51,74,1,Medio,34,1.1,Baja,7,1,Bajo
E0840,35,Femenino,Maestría,51,51,69,8,Medio,45,2.3,Media,18,0,Alto
E0841,32,Masculino,Secundaria,57,73,46,10,Alto,20,4.9,Alta,9,0,Alto
E0842,30,Femenino,Licenciatura,60,66,86,3,Alto,9,4.5,Media,4,0,Medio
E0843,55,Femenino,Maestría,82,81,31,8,Medio,15,2.3,Baja,9,0,Alto
E0844,33,Masculino,Licenciatura,87,65,91,4,Alto,6,3.4,Alta,4,0,Alto
E0845,56,Masculino,Secundaria,97,65,38,8,Bajo,3,4.4,Media,12,0,Bajo
E0846,56,Femenino,Secundaria,76,95,97,1,Alto,26,2.8,Media,4,0,Medio
E0847,22,Masculino,Secundaria,69,88,46,3,Medio,24,1.1,Alta,14,0,Bajo
E0848,43,Femenino,Maestría,61,80,79,6,Bajo,30,1.3,Media,7,0,Bajo
E0849,50,Otro,Licenciatura,92,92,69,9,Bajo,10,3.0,Baja,13,0,Alto
E0850,29,Femenino,Secundaria,80,73,87,2,Medio,47,4.9,Media,8,0,Bajo
E0851,32,Masculino,Licenciatura,76,50,50,1,Medio,19,3.8,Media,5,0,Alto
E0852,58,Femenino,Licenciatura,81,60,47,10,Medio,35,1.3,Media,12,0,Alto
E0853,35,Masculino,Secundaria,59,70,84,3,Bajo,16,1.8,Media,13,1,Bajo
E0854,51,Masculino,Licenciatura,52,53,58,4,Medio,44,4.1,Alta,14,1,Medio
E0855,56,Femenino,Licenciatura,94,56,53,5,Medio,10,4.4,Alta,18,0,Alto
E0856,42,Masculino,Licenciatura,76,75,46,3,Medio,29,3.5,Alta,4,0,Alto
E0857,58,Masculino,Maestría,84,96,47,10,Medio,34,3.6,Alta,18,0,Alto
E0858,26,Femenino,Secundaria,80,99,71,2,Medio,40,1.1,Alta,7,0,Medio
E0859,40,Masculino,Licenciatura,64,61,74,2,Alto,37,4.3,Baja,15,0,Medio
E0860,35,Masculino,Licenciatura,65,80,46,7,Alto,21,4.2,Baja,6,0,Medio
E0861,47,Femenino,Licenciatura,62,66,43,9,Medio,42,2.0,Media,16,0,Alto
E0862,25,Femenino,Licenciatura,98,82,78,10,Medio,47,3.8,Alta,8,0,Medio
E0863,46,Femenino,Licenciatura,84,60,58,2,Bajo,26,1.9,Media,16,0,Alto
E0864,46,Masculino,Maestría,60,77,33,7,Bajo,36,1.2,Media,16,1,Bajo
E0865,39,Masculino,Licenciatura,70,81,49,7,Medio,45,1.8,Baja,3,0,Alto
E0866,29,Masculino,Licenciatura,100,50,76,7,Alto,48,1.7,Baja,17,0,Medio
E0867,35,Masculino,Maestría,60,96,38,3,Bajo,34,2.4,Media,9,1,Medio
E0868,53,Femenino,Licenciatura,79,77,56,7,Bajo,3,2.7,Baja,3,0,Medio
E0869,59,Masculino,Secundaria,97,91,44,1,Bajo,15,3.0,Media,7,0,Bajo
E0870,54,Masculino,Secundaria,84,56,48,10,Alto,15,2.9,Baja,18,0,Bajo
E0871,44,Femenino,Secundaria,71,51,81,1,Medio,20,2.1,Media,12,0,Bajo
E0872,36,Femenino,Maestría,87,91,55,5,Medio,25,1.1,Media,19,0,Bajo
E0873,54,Femenino,Maestría,80,73,55,2,Medio,35,3.4,Media,16,0,Medio
E0874,46,Masculino,Maestría,63,53,55,9,Medio,18,2.6,Media,17,0,Alto
E0875,38,Masculino,Licenciatura,73,93,75,7,Medio,16,2.2,Baja,15,1,Medio
E0876,54,Masculino,Licenciatura,99,68,78,4,Bajo,44,4.5,Alta,1,0,Bajo
E0877,23,Masculino,Secundaria,98,75,82,4,Alto,25,4.0,Media,2,1,Alto
E0878,35,Femenino,Licenciatura,81,60,32,2,Medio,21,4.4,Media,8,0,Medio
E0879,27,Femenino,Licenciatura,85,89,95,5,Medio,27,3.0,Media,2,1,Alto
E0880,27,Femenino,Doctorado,81,99,71,4,Bajo,0,1.5,Baja,19,0,Medio
E0881,24,Femenino,Secundaria,64,92,48,1,Medio,43,3.8,Alta,9,0,Bajo
E0882,28,Masculino,Licenciatura,92,60,46,8,Medio,35,1.8,Media,9,0,Medio
E0883,29,Femenino,Licenciatura,84,94,62,3,Medio,42,2.8,Media,13,0,Medio
E0884,36,Masculino,Licenciatura,52,52,78,6,Bajo,36,1.3,Baja,6,0,Bajo
E0885,50,Femenino,Licenciatura,65,61,85,4,Alto,1,4.3,Alta,15,0,Bajo
E0886,54,Femenino,Maestría,54,52,92,9,Bajo,16,1.5,Media,19,1,Bajo
E0887,51,Masculino,Secundaria,70,91,32,7,Medio,39,4.6,Baja,15,1,Bajo
E0888,48,Masculino,Maestría,59,76,78,9,Alto,37,4.5,Media,18,0,Medio
E0889,57,Otro,Licenciatura,68,98,84,10,Medio,20,2.9,Alta,7,0,Medio
E0890,50,Masculino,Maestría,74,51,55,3,Medio,8,4.0,Media,11,0,Bajo
E0891,59,Masculino,Maestría,53,98,81,1,Medio,12,3.5,Media,8,0,Medio
E0892,54,Masculino,Licenciatura,78,65,36,5,Medio,10,4.2,Media,6,1,Medio
E0893,58,Femenino,Secundaria,68,51,75,3,Alto,15,2.7,Media,8,0,Bajo
E0894,48,Femenino,Doctorado,92,79,75,6,Medio,15,4.1,Media,2,1,Bajo
E0895,54,Femenino,Licenciatura,51,69,45,8,Medio,1,2.8,Baja,19,0,Bajo
E0896,25,Masculino,Maestría,59,87,53,4,Medio,41,4.8,Media,16,0,Medio
E0897,43,Femenino,Secundaria,92,77,90,5,Medio,43,2.9,Alta,7,0,Bajo
E0898,23,Masculino,Licenciatura,74,74,83,5,Medio,7,2.9,Media,10,0,Medio
E0899,31,Femenino,Maestría,69,81,91,4,Medio,42,4.1,Media,12,0,Medio
E0900,26,Femenino,Maestría,97,59,30,4,Alto,41,4.3,Media,17,1,Medio
E0901,31,Masculino,Licenciatura,68,91,78,4,Alto,12,3.2,Media,7,0,Bajo
E0902,54,Masculino,Maestría,72,89,54,4,Medio,16,1.7,Alta,8,0,Medio
E0903,59,Masculino,Licenciatura,73,82,39,4,Medio,38,2.9,Media,7,0,Medio
E0904,34,Masculino,Secundaria,60,62,45,5,Alto,23,4.9,Baja,4,0,Alto
E0905,52,Masculino,Licenciatura,95,90,87,2,Bajo,2,4.0,Alta,3,0,Alto
E0906,57,Femenino,Licenciatura,83,91,58,2,Bajo,29,4.2,Media,19,0,Medio
E0907,45,Femenino,Maestría,77,96,35,9,Medio,12,1.1,Alta,15,0,Medio
E0908,36,Masculino,Licenciatura,54,86,45,2,Alto,18,2.9,Media,4,1,Medio
E0909,50,Masculino,Secundaria,54,65,49,6,Alto,6,3.6,Alta,9,0,Alto
E0910,29,Masculino,Secundaria,100,94,100,2,Medio,8,4.3,Baja,13,1,Bajo
E0911,26,Femenino,Licenciatura,70,71,72,5,Bajo,18,1.2,Media,18,0,Alto
E0912,50,Masculino,Licenciatura,61,69,55,4,Medio,44,4.4,Alta,16,1,Medio
E0913,25,Femenino,Maestría,99,99,100,7,Bajo,39,3.2,Baja,1,0,Medio
E0914,33,Femenino,Licenciatura,53,92,62,7,Medio,21,1.8,Baja,4,0,Bajo
E0915,23,Femenino,Maestría,98,76,55,6,Alto,17,2.3,Media,18,1,Medio
E0916,48,Femenino,Doctorado,91,90,74,10,Bajo,22,2.1,Alta,8,0,Medio
E0917,52,Masculino,Licenciatura,69,65,92,5,Alto,1,3.1,Baja,16,0,Bajo
E0918,57,Otro,Maestría,87,83,96,1,Medio,49,1.2,Alta,11,0,Bajo
E0919,57,Masculino,Maestría,74,81,81,3,Medio,49,1.6,Media,19,1,Alto
E0920,47,Masculino,Licenciatura,63,75,97,9,Bajo,10,4.3,Media,19,0,Medio
E0921,48,Femenino,Secundaria,60,74,55,1,Medio,30,1.5,Alta,18,0,Medio
E0922,26,Otro,Licenciatura,81,51,31,5,Bajo,32,1.9,Media,19,0,Bajo
E0923,41,Femenino,Licenciatura,60,61,43,2,Alto,13,2.8,Baja,11,1,Alto
E0924,32,Masculino,Maestría,67,89,59,4,Alto,15,3.1,Baja,3,0,Alto
E0925,31,Masculino,Licenciatura,76,58,78,1,Medio,10,4.1,Media,8,0,Medio
E0926,59,Otro,Maestría,67,61,41,3,Bajo,32,2.8,Media,19,0,Medio
E0927,27,Masculino,Licenciatura,72,75,73,10,Alto,6,4.2,Alta,10,0,Medio
E0928,29,Femenino,Secundaria,60,58,62,7,Medio,30,3.5,Media,16,0,Medio
E0929,44,Femenino,Doctorado,70,59,42,10,Bajo,47,1.5,Media,5,0,Bajo
E0930,47,Femenino,Licenciatura,93,81,55,3,Medio,45,1.6,Media,9,0,Alto
E0931,33,Masculino,Licenciatura,54,83,50,4,Alto,46,2.7,Baja,8,0,Medio
E0932,47,Femenino,Licenciatura,72,97,57,2,Bajo,13,2.6,Baja,11,0,Medio
E0933,34,Masculino,Secundaria,90,69,77,3,Bajo,27,4.0,Alta,16,0,Medio
E0934,39,Femenino,Licenciatura,74,88,69,9,Alto,42,3.3,Baja,7,1,Alto
E0935,46,Femenino,Licenciatura,90,51,95,3,Bajo,15,2.6,Baja,15,0,Bajo
E0936,54,Femenino,Licenciatura,59,50,52,5,Bajo,18,1.7,Media,17,0,Bajo
E0937,33,Masculino,Doctorado,71,100,77,2,Medio,16,1.9,Media,6,1,Medio
E0938,57,Otro,Licenciatura,68,85,31,4,Alto,25,3.3,Alta,15,0,Medio
E0939,25,Masculino,Secundaria,50,73,49,7,Medio,5,2.7,Baja,8,0,Alto
E0940,26,Masculino,Licenciatura,56,76,88,7,Alto,42,3.1,Baja,7,0,Bajo
E0941,58,Masculino,Maestría,53,51,75,3,Medio,48,1.7,Media,2,0,Alto
E0942,29,Femenino,Secundaria,50,80,32,5,Bajo,8,3.7,Media,13,1,Bajo
E0943,49,Femenino,Secundaria,64,63,84,1,Alto,49,4.4,Media,6,1,Bajo
E0944,52,Femenino,Secundaria,89,51,41,10,Medio,16,2.0,Media,5,0,Alto
E0945,30,Masculino,Secundaria,61,78,69,10,Medio,30,3.0,Alta,1,0,Medio
E0946,50,Masculino,Maestría,71,64,95,10,Medio,11,4.9,Alta,18,0,Medio
E0947,35,Femenino,Maestría,71,61,45,1,Medio,22,2.3,Baja,15,0,Bajo
E0948,43,Masculino,Licenciatura,99,86,63,5,Bajo,4,3.4,Media,10,0,Medio
E0949,32,Femenino,Licenciatura,96,77,73,10,Bajo,42,1.4,Media,3,0,Medio
E0950,44,Otro,Licenciatura,66,69,35,9,Medio,35,3.4,Alta,5,0,Alto
E0951,22,Otro,Doctorado,78,88,93,1,Alto,35,1.4,Alta,13,0,Alto
E0952,58,Otro,Doctorado,95,73,51,1,Medio,2,4.8,Baja,8,1,Medio
E0953,42,Femenino,Licenciatura,63,70,47,4,Alto,23,3.9,Media,2,0,Medio
E0954,47,Masculino,Maestría,99,59,41,4,Medio,16,4.2,Media,9,0,Medio
E0955,57,Masculino,Maestría,69,95,81,2,Medio,38,3.8,Baja,17,0,Medio
E0956,44,Femenino,Licenciatura,99,63,80,9,Bajo,25,3.4,Baja,18,0,Bajo
E0957,22,Femenino,Secundaria,97,86,100,9,Bajo,3,2.8,Media,13,0,Medio
E0958,36,Masculino,Licenciatura,82,67,77,2,Medio,44,4.4,Media,1,0,Bajo
E0959,42,Masculino,Maestría,92,73,48,9,Alto,11,4.8,Baja,12,0,Bajo
E0960,30,Masculino,Doctorado,64,63,35,6,Alto,0,3.0,Media,5,0,Bajo
E0961,30,Femenino,Maestría,61,83,56,8,Alto,20,4.7,Baja,8,1,Medio
E0962,31,Femenino,Maestría,89,61,82,10,Bajo,18,3.3,Media,15,0,Alto
E0963,47,Femenino,Licenciatura,69,71,77,4,Alto,20,3.2,Media,3,0,Medio
E0964,56,Masculino,Maestría,79,55,36,2,Medio,17,2.8,Baja,6,0,Medio
E0965,46,Otro,Maestría,87,85,88,2,Bajo,42,1.8,Media,13,1,Bajo
E0966,47,Femenino,Licenciatura,52,94,98,9,Alto,2,1.0,Baja,12,0,Medio
E0967,32,Masculino,Licenciatura,77,85,40,1,Medio,48,2.0,Media,19,0,Bajo
E0968,59,Masculino,Maestría,75,71,44,7,Bajo,43,3.0,Baja,18,0,Medio
E0969,23,Masculino,Secundaria,79,63,93,3,Medio,31,2.5,Media,1,0,Alto
E0970,28,Masculino,Maestría,62,65,32,3,Medio,9,2.8,Baja,7,0,Bajo
E0971,39,Otro,Secundaria,62,85,98,2,Medio,39,4.9,Media,12,0,Bajo
E0972,48,Femenino,Licenciatura,51,74,52,10,Medio,14,2.4,Media,10,0,Medio
E0973,55,Femenino,Maestría,86,81,82,6,Alto,4,2.8,Baja,12,0,Alto
E0974,48,Masculino,Secundaria,98,82,66,10,Bajo,3,1.5,Media,11,0,Alto
E0975,38,Masculino,Secundaria,87,94,38,2,Medio,27,1.2,Baja,4,1,Alto
E0976,45,Femenino,Licenciatura,51,85,44,10,Medio,3,4.1,Media,19,0,Medio
E0977,46,Masculino,Maestría,85,69,32,4,Medio,14,3.3,Baja,6,0,Alto
E0978,28,Femenino,Secundaria,75,67,99,10,Medio,16,4.0,Media,9,0,Bajo
E0979,27,Otro,Maestría,60,87,46,9,Medio,43,1.6,Media,10,1,Bajo
E0980,45,Femenino,Secundaria,57,52,55,9,Alto,2,3.3,Alta,5,0,Alto
E0981,54,Femenino,Doctorado,93,72,50,6,Alto,9,2.0,Media,13,0,Alto
E0982,50,Masculino,Doctorado,89,81,50,4,Alto,46,1.9,Media,9,0,Bajo
E0983,43,Masculino,Licenciatura,92,94,40,7,Alto,41,1.0,Media,2,0,Bajo
E0984,47,Masculino,Licenciatura,71,65,67,1,Medio,22,1.5,Alta,18,0,Bajo
E0985,49,Femenino,Licenciatura,69,54,64,4,Alto,17,2.2,Media,1,0,Bajo
E0986,42,Masculino,Licenciatura,57,53,43,5,Medio,0,1.5,Baja,12,0,Bajo
E0987,28,Masculino,Secundaria,78,70,43,8,Medio,34,4.9,Alta,10,1,Alto
E0988,38,Femenino,Secundaria,89,89,39,2,Medio,30,2.2,Media,2,0,Medio
E0989,41,Masculino,Secundaria,75,100,41,5,Medio,43,1.5,Alta,9,0,Alto
E0990,41,Masculino,Licenciatura,79,63,67,6,Medio,0,1.8,Alta,2,1,Alto
E0991,43,Masculino,Secundaria,66,88,63,5,Alto,2,3.4,Baja,14,1,Medio
E0992,49,Otro,Licenciatura,69,80,70,9,Medio,2,1.3,Media,11,0,Alto
E0993,28,Femenino,Doctorado,65,63,39,10,Bajo,36,4.4,Baja,11,1,Medio
E0994,22,Femenino,Licenciatura,95,55,46,1,Medio,18,4.8,Baja,17,0,Medio
E0995,53,Masculino,Licenciatura,92,61,46,3,Bajo,28,2.0,Baja,4,0,Medio
E0996,34,Otro,Licenciatura,56,65,96,2,Bajo,24,2.8,Media,13,1,Medio
E0997,51,Femenino,Maestría,65,66,91,3,Bajo,32,1.1,Baja,7,0,Alto
E0998,44,Masculino,Maestría,94,94,30,10,Medio,35,3.6,Baja,16,0,Alto
E0999,40,Femenino,Maestría,96,72,41,9,Medio,28,2.7,Media,1,0,Medio
E1000,53,Masculino,Doctorado,97,63,33,9,Alto,25,2.1,Baja,13,0,Alto
